book_identity_id,slug,title,author,format,text_quality,topic_category,skill_nodes,source_role,source_status,canonical_inventory_id,canonical_local_file,duplicate_file_count,notes
book-id-001,aaron-shearer-mel-bay-learning-the-classic-guitar-part-1-1990-mel-bay-publications-inc,"Mel Bay Learning the Classic Guitar Part 1 (1990, Mel Bay Publications, Inc.)",Aaron Shearer,PDF,scanned / OCR needed,Classical / Technique,Foundation; Doing; Practice,Curriculum spine source,Active Source,book-051,"/Users/alessandralove/Downloads/Guitar Resources/Done/ Aaron Shearer - Mel Bay Learning the Classic Guitar_ Part 1 (1990, Mel Bay Publications, Inc.) - libgen.li.pdf",0,Generated from local master inventory v2. Confirm title/author metadata before production import.
book-id-002,aaron-shearer-mel-bay-presents-aaron-shearer-learning-the-classic-guitar-part-2-1990-mel-bay-publications-inc,"Mel Bay Presents Aaron Shearer Learning the Classic Guitar, Part 2 (1990, Mel Bay Publications, Inc.)",Aaron Shearer,PDF,scanned / OCR needed,Classical / Technique,Doing; Practice,Supporting source for selected lessons or roadmap items,Supporting Reference,book-052,"/Users/alessandralove/Downloads/Guitar Resources/Done/ Aaron Shearer - Mel Bay Presents_ Aaron Shearer_ Learning the Classic Guitar, Part 2 (1990, Mel Bay Publications, Inc.) - libgen.li.pdf",0,Generated from local master inventory v2. Confirm title/author metadata before production import.
book-id-003,aaron-shearer-mel-bay-aaron-shearer-learning-the-classic-guitar-part-3-book-and-cd-1995-mel-bay-publications-inc,"Mel Bay Aaron Shearer Learning the Classic Guitar, part 3 (Book & CD) (1995, Mel Bay Publications, Inc.)",Aaron Shearer,PDF,scanned / OCR needed,Classical / Technique,Doing; Practice,Potential source after OCR,OCR Later,book-050,"/Users/alessandralove/Downloads/Guitar Resources/Done/ Aaron Shearer - Mel Bay Aaron Shearer Learning the Classic Guitar, part 3 (Book & CD) (1995, Mel Bay Publications, Inc.) - libgen.li.pdf",0,Generated from local master inventory v2. Confirm title/author metadata before production import.
book-id-004,adam-kadmon-the-guitar-grimoire-a-compendium-of-formulas-for-guitar-scales-and-modes-1991,The Guitar Grimoire A Compendium of Formulas for Guitar Scales and Modes (1991),Adam Kadmon,PDF,scanned / OCR needed,Theory / Fretboard,Study; Knowing,Potential source after OCR,OCR Later,book-001,/Users/alessandralove/Downloads/Guitar Resources/ Adam Kadmon - The Guitar Grimoire_ A Compendium of Formulas for Guitar Scales and Modes (1991) - libgen.li.pdf,0,Generated from local master inventory v2. Confirm title/author metadata before production import.
book-id-005,aniruddh-d-patel-music-language-and-the-brain-2007-oxford-university-press-usa,"Music, Language, and the Brain (2007, Oxford University Press, USA)",Aniruddh D. Patel,PDF,text-based / extraction likely good,Learning Science / Music Cognition,Study; Knowing; Hearth,Curriculum spine source,Active Source,book-070,"/Users/alessandralove/Downloads/LEARNING/ Aniruddh D. Patel - Music, Language, and the Brain (2007, Oxford University Press, USA) - libgen.li.pdf",1,Generated from local master inventory v2. Confirm title/author metadata before production import.
book-id-006,ashley-mark-jazz-guitar-artistry-ashley-mark-jazz-series-for-guitar-1990,Jazz Guitar Artistry (Ashley Mark Jazz Series for Guitar) (1990),Ashley Mark,PDF,scanned / OCR needed,Style / Genre,Create; Doing,Potential source after OCR,OCR Later,book-003,/Users/alessandralove/Downloads/Guitar Resources/ Ashley Mark - Jazz Guitar Artistry (Ashley Mark Jazz Series for Guitar) (1990) - libgen.li.pdf,0,Generated from local master inventory v2. Confirm title/author metadata before production import.
book-id-007,bill-edwards-fretboard-logic-box-set-3-volumes-and-2-videos-combined-in-two-books-and-one-dvd-disc-2002-bill-edwards-publishing,"Fretboard Logic Box Set (3 Volumes and 2 Videos Combined in Two Books and One DVD Disc) (2002, Bill Edwards Publishing)",Bill Edwards,PDF,scanned / OCR needed,Theory / Fretboard,Study; Knowing; Doing,Curriculum spine source,Active Source,book-053,"/Users/alessandralove/Downloads/Guitar Resources/Done/ Bill Edwards - Fretboard Logic Box Set (3 Volumes and 2 Videos Combined in Two Books and One DVD Disc) (2002, Bill Edwards Publishing) - libgen.li.pdf",0,Generated from local master inventory v2. Confirm title/author metadata before production import.
book-id-008,bobby-owsinski-the-recording-engineer-s-handbook-2009-course-technology-cengage-learning,"The Recording Engineer's Handbook (2009, Course Technology Cengage Learning)",Bobby Owsinski,PDF,text-based / extraction likely good,Recording / Production,Foundation; Knowing; Create; Doing,Reference shelf / private library,Private Library,book-039,"/Users/alessandralove/Downloads/Guitar Resources/[Artistpro] Bobby Owsinski - The Recording Engineer's Handbook (2009, Course Technology Cengage Learning) - libgen.li.pdf",0,Generated from local master inventory v2. Confirm title/author metadata before production import.
book-id-009,brian-hodel-the-brazilian-masters-the-music-of-jobim-bonfa-and-baden-powell-arranged-for-solo-guitar-guitar-scores-tro-hollis-music-inc,"The Brazilian Masters. The Music of Jobim, Bonfa and Baden Powell Arranged for Solo Guitar (Guitar Scores) (TRO Hollis Music, Inc.)",Brian Hodel,PDF,scanned / OCR needed,Unclassified,To Review,Potential source after OCR,OCR Later,book-004,"/Users/alessandralove/Downloads/Guitar Resources/ Brian Hodel - The Brazilian Masters. The Music of Jobim, Bonfa and Baden Powell Arranged for Solo Guitar (Guitar Scores) (TRO Hollis Music, Inc.) - libgen.li.pdf",0,Generated from local master inventory v2. Confirm title/author metadata before production import.
book-id-010,bruce-arnold-music-theory-workbook-for-guitar-volume-one-1997-muse-eek-publishing,"Music Theory Workbook for Guitar Volume One (1997, muse eek publishing)",Bruce Arnold,PDF,scanned / OCR needed,Theory / Fretboard,Study; Knowing,Potential source after OCR,OCR Later,book-005,"/Users/alessandralove/Downloads/Guitar Resources/ Bruce Arnold - Music Theory Workbook for Guitar Volume One (1997, muse eek publishing) - libgen.li.pdf",0,Generated from local master inventory v2. Confirm title/author metadata before production import.
book-id-011,c-nelson-modal-and-harmonized-modal-scales-for-the-spanish-guitar,Modal and Harmonized Modal Scales for the Spanish Guitar,C. Nelson,PDF,text-based / extraction likely good,Theory / Fretboard,Study; Knowing,Supporting source for selected lessons or roadmap items,Supporting Reference,book-006,/Users/alessandralove/Downloads/Guitar Resources/ C. Nelson - Modal and Harmonized Modal Scales for the Spanish Guitar - libgen.li.pdf,0,Generated from local master inventory v2. Confirm title/author metadata before production import.
book-id-012,charles-kim-teach-yourself-visually-guitar-2006-visual,"Teach Yourself VISUALLY Guitar (2006, Visual)",Charles Kim,PDF,text-based / extraction likely good,Beginner / Reference,Foundation; Knowing,Supporting source for selected lessons or roadmap items,Supporting Reference,book-054,"/Users/alessandralove/Downloads/Guitar Resources/Done/ Charles Kim - Teach Yourself VISUALLY Guitar (2006, Visual) - libgen.li.pdf",0,Generated from local master inventory v2. Confirm title/author metadata before production import.
book-id-013,chris-buono-m-audio-guide-for-the-recording-guitarist-2008-course-technology,"M-Audio guide for the recording guitarist (2008, Course Technology)",Chris Buono,PDF,text-based / extraction likely good,Recording / Production,Create; Doing,Reference shelf / private library,Private Library,book-007,"/Users/alessandralove/Downloads/Guitar Resources/ Chris Buono - M-Audio guide for the recording guitarist (2008, Course Technology) - libgen.li.pdf",0,Generated from local master inventory v2. Confirm title/author metadata before production import.
book-id-014,christopher-parkening-jack-marshall-david-brandon-the-christopher-parkening-guitar-method-volume-1-guitar-technique-1997,The Christopher Parkening Guitar Method - Volume 1 Guitar Technique (1997),"Christopher Parkening, Jack Marshall, David Brandon",PDF,scanned / OCR needed,Classical / Technique,Doing; Practice,Potential source after OCR,OCR Later,book-008,"/Users/alessandralove/Downloads/Guitar Resources/ Christopher Parkening, Jack Marshall, David Brandon - The Christopher Parkening Guitar Method - Volume 1_ Guitar Technique (1997) - libgen.li.pdf",0,Generated from local master inventory v2. Confirm title/author metadata before production import.
book-id-015,christopher-parkening-jack-marshall-david-brandon-the-christopher-parkening-guitar-method-volume-2-guitar-technique-1998,The Christopher Parkening Guitar Method - Volume 2 Guitar Technique (1998),"Christopher Parkening, Jack Marshall, David Brandon",PDF,scanned / OCR needed,Classical / Technique,Doing; Practice,Potential source after OCR,OCR Later,book-009,"/Users/alessandralove/Downloads/Guitar Resources/ Christopher Parkening, Jack Marshall, David Brandon - The Christopher Parkening Guitar Method - Volume 2_ Guitar Technique (1998) - libgen.li.pdf",0,Generated from local master inventory v2. Confirm title/author metadata before production import.
book-id-016,cynthia-blanchard-acree-making-music-and-enriching-lives-a-guide-for-all-music-teachers-music-for-life-2007-indiana-university-press,"Making Music and Enriching Lives A Guide for All Music Teachers (Music for Life) (2007, Indiana University Press)",Cynthia Blanchard Acree,PDF,text-based / extraction likely good,Learning Science / Music Cognition,Study; Knowing; Hearth,Supporting source for selected lessons or roadmap items,Supporting Reference,book-071,"/Users/alessandralove/Downloads/LEARNING/ Cynthia Blanchard Acree - Making Music and Enriching Lives_ A Guide for All Music Teachers (Music for Life) (2007, Indiana University Press) - libgen.li.pdf",1,Generated from local master inventory v2. Confirm title/author metadata before production import.
book-id-017,daniel-j-levitin-this-is-your-brain-on-music-the-science-of-a-human-obsession-2007-plume-penguin-audio,"This is your brain on music the science of a human obsession (2007, Plume Penguin Audio)",Daniel J Levitin,PDF,text-based / extraction likely good,Learning Science / Music Cognition,Study; Knowing; Hearth,Curriculum spine source,Active Source,book-055,"/Users/alessandralove/Downloads/Guitar Resources/Done/ Daniel J Levitin - This is your brain on music_ the science of a human obsession (2007, Plume_Penguin Audio) - libgen.li.pdf",1,Generated from local master inventory v2. Confirm title/author metadata before production import.
book-id-018,david-hamburger-acoustic-guitar-slide-basics-acoustic-guitar-magazine-s-private-lessons-2001-string-letter-publishing,"Acoustic Guitar Slide Basics (Acoustic Guitar Magazine's Private Lessons) (2001, String Letter Publishing)",David Hamburger,PDF,scanned / OCR needed,Style / Genre,Create; Doing,Potential source after OCR,OCR Later,book-011,"/Users/alessandralove/Downloads/Guitar Resources/ David Hamburger - Acoustic Guitar Slide Basics (Acoustic Guitar Magazine's Private Lessons) (2001, String Letter Publishing) - libgen.li.pdf",0,Generated from local master inventory v2. Confirm title/author metadata before production import.
book-id-019,donat-paul-bossa-nova-for-guitar,BOSSA NOVA FOR GUITAR,"Donat, paul",PDF,text-based / extraction likely good,Style / Genre,Create; Doing,Supporting source for selected lessons or roadmap items,Supporting Reference,book-012,"/Users/alessandralove/Downloads/Guitar Resources/ Donat, paul - BOSSA NOVA FOR GUITAR - libgen.li.pdf",0,Generated from local master inventory v2. Confirm title/author metadata before production import.
book-id-020,e-booklet-roadmap-for-learning-guitar-revison-2024-11-07-1,E-booklet Roadmap for learning Guitar revison 2024 11 07 (1),,PDF,text-based / extraction likely good,Unclassified,To Review,Needs human review,To Review,book-067,/Users/alessandralove/Downloads/Guitar Resources/Done/E-booklet Roadmap for learning Guitar_revison_2024_11_07 (1).pdf,0,Generated from local master inventory v2. Confirm title/author metadata before production import.
book-id-021,english-handbook-and-study-guide-a-comprehensive-english-reference-book-beryl-lutrin-marcelle-pincus-2004-berlut-books,"English Handbook and Study Guide A Comprehensive English Reference Book{Beryl Lutrin Marcelle Pincus}(2004, Berlut Books)",,PDF,text-based / extraction likely good,Learning Science / Music Cognition,Foundation; Knowing; Study; Hearth,Reference shelf / private library,Private Library,book-078,"/Users/alessandralove/Downloads/LEARNING/English Handbook and Study Guide_ A Comprehensive English Reference Book{Beryl Lutrin_ Marcelle Pincus}(2004, Berlut Books){107205711} libgen.li.pdf",1,Generated from local master inventory v2. Confirm title/author metadata before production import.
book-id-022,fred-sokolow-fred-sokolow-the-roots-of-slide-guitar-guitar-collection-1999-hal-leonard-corporation,"The Roots of Slide Guitar (Guitar Collection) (1999, Hal Leonard Corporation)","Fred Sokolow, Fred Sokolow",PDF,scanned / OCR needed,Style / Genre,Create; Doing,Potential source after OCR,OCR Later,book-045,"/Users/alessandralove/Downloads/Guitar Resources/[Guitar Collection] Fred Sokolow, Fred Sokolow - The Roots of Slide Guitar (Guitar Collection) (1999, Hal Leonard Corporation) - libgen.li.pdf",0,Generated from local master inventory v2. Confirm title/author metadata before production import.
book-id-023,fred-sokolow-tim-emmons-fretboard-roadmaps-2005-hal-leonard-corporation,"Fretboard Roadmaps (2005, Hal Leonard Corporation)","Fred Sokolow, Tim Emmons",PDF,scanned / OCR needed,Theory / Fretboard,Study; Knowing,Potential source after OCR,OCR Later,book-044,"/Users/alessandralove/Downloads/Guitar Resources/[Fretboard Roadmaps] Fred Sokolow, Tim Emmons - Fretboard Roadmaps (2005, Hal Leonard Corporation) - libgen.li.pdf",0,Generated from local master inventory v2. Confirm title/author metadata before production import.
book-id-024,fred-sokolow-fretboard-roadmaps-the-essential-guitar-patterns-that-all-the-pros-know-and-use-1993-hal-leonard-corporation,"Fretboard Roadmaps The Essential Guitar Patterns That All the Pros Know and Use (1993, Hal Leonard Corporation)",Fred Sokolow,PDF,scanned / OCR needed,Theory / Fretboard,Study; Knowing,Potential source after OCR,OCR Later,book-046,"/Users/alessandralove/Downloads/Guitar Resources/[Guitar Techniques] Fred Sokolow - Fretboard Roadmaps_ The Essential Guitar Patterns That All the Pros Know and Use (1993, Hal Leonard Corporation) - libgen.li.pdf",0,Generated from local master inventory v2. Confirm title/author metadata before production import.
book-id-025,frederick-ariel-the-classical-guitar-frederick-noad-guitar-anthology-1976-amsco-publications,"The Classical Guitar (Frederick Noad Guitar Anthology) (1976, Amsco Publications)",Frederick Ariel,PDF,scanned / OCR needed,Classical / Technique,Doing; Practice,Potential source after OCR,OCR Later,book-013,"/Users/alessandralove/Downloads/Guitar Resources/ Frederick Ariel - The Classical Guitar (Frederick Noad Guitar Anthology) (1976, Amsco Publications) - libgen.li.pdf",0,Generated from local master inventory v2. Confirm title/author metadata before production import.
book-id-026,glenn-weiser-celtic-guitar-encyclopedia-fingerstyle-guitar-edition,Celtic Guitar Encyclopedia - Fingerstyle Guitar Edition,Glenn Weiser,PDF,scanned / OCR needed,Style / Genre,Create; Doing,Potential source after OCR,OCR Later,book-014,/Users/alessandralove/Downloads/Guitar Resources/ Glenn Weiser - Celtic Guitar Encyclopedia - Fingerstyle Guitar Edition - libgen.li.pdf,0,Generated from local master inventory v2. Confirm title/author metadata before production import.
book-id-027,guitar-music-theory-ear-training-manual-for-musicians-1986-navi,"Guitar Music Theory. Ear Training Manual for Musicians (1986, Navi)",,PDF,text-based / extraction likely good,Theory / Fretboard,Study; Knowing,Supporting source for selected lessons or roadmap items,Supporting Reference,book-015,"/Users/alessandralove/Downloads/Guitar Resources/ Guitar Music Theory. Ear Training Manual for Musicians (1986, Navi) - libgen.li.pdf",0,Generated from local master inventory v2. Confirm title/author metadata before production import.
book-id-028,hill-d-musicians-institute-guitar-licktionary-hal-leonard,Musicians Institute - Guitar Licktionary (Hal-Leonard),Hill D,PDF,text-based / extraction likely good,Unclassified,To Review,Needs human review,To Review,book-016,/Users/alessandralove/Downloads/Guitar Resources/ Hill D - Musicians Institute - Guitar Licktionary (Hal-Leonard) - libgen.li.pdf,0,Generated from local master inventory v2. Confirm title/author metadata before production import.
book-id-029,howard-mancel-roberts-super-chops-jazz-guitar-technique-in-20-weeks-1978-cherry-lane-music,"Super Chops Jazz Guitar Technique in 20 Weeks (1978, Cherry Lane Music)",Howard Mancel Roberts,PDF,scanned / OCR needed,Style / Genre,Doing; Practice; Create,Potential source after OCR,OCR Later,book-017,"/Users/alessandralove/Downloads/Guitar Resources/ Howard Mancel Roberts - Super Chops_ Jazz Guitar Technique in 20 Weeks (1978, Cherry Lane Music) - libgen.li.pdf",0,Generated from local master inventory v2. Confirm title/author metadata before production import.
book-id-030,jamey-aebersold-how-to-play-jazz-and-improvise-guitar-book-2000-jamey-aebersold-jazz-inc,"How To Play Jazz and Improvise Guitar Book (2000, Jamey Aebersold Jazz Inc)",Jamey Aebersold,PDF,scanned / OCR needed,Style / Genre,Create; Doing,Potential source after OCR,OCR Later,book-018,"/Users/alessandralove/Downloads/Guitar Resources/ Jamey Aebersold - How To Play Jazz and Improvise Guitar Book (2000, Jamey Aebersold Jazz Inc) - libgen.li.pdf",0,Generated from local master inventory v2. Confirm title/author metadata before production import.
book-id-031,jamie-andreas-principles-of-correct-practice-for-guitar-1999-jamey-world-inc,"Principles of Correct Practice for Guitar (1999, Jamey World, Inc.)",Jamie Andreas,PDF,scanned / OCR needed,Unclassified,Foundation; Practice; Doing; Hearth,Curriculum spine source,Active Source,book-056,"/Users/alessandralove/Downloads/Guitar Resources/Done/ Jamie Andreas - Principles of Correct Practice for Guitar (1999, Jamey World, Inc.) - libgen.li.pdf",0,Generated from local master inventory v2. Confirm title/author metadata before production import.
book-id-032,jean-marc-belkadi-advanced-scale-concepts-and-licks-for-guitar-private-lessons-1999-musicians-institute-press,"Advanced Scale Concepts and Licks for Guitar Private Lessons (1999, Musicians Institute Press)",Jean Marc Belkadi,PDF,scanned / OCR needed,Unclassified,Mastery,Potential source after OCR,OCR Later,book-047,"/Users/alessandralove/Downloads/Guitar Resources/[Musicians Institute Press] Jean Marc Belkadi - Advanced Scale Concepts and Licks for Guitar_ Private Lessons (1999, Musicians Institute Press) - libgen.li.pdf",0,Generated from local master inventory v2. Confirm title/author metadata before production import.
book-id-033,jim-ferguson-all-blues-soloing-for-jazz-guitar-1999-mel-bay-publications-u-s,"All Blues Soloing for Jazz Guitar (1999, Mel Bay Publications,U.S.)",Jim Ferguson,PDF,scanned / OCR needed,Style / Genre,Create; Doing,Potential source after OCR,OCR Later,book-019,"/Users/alessandralove/Downloads/Guitar Resources/ Jim Ferguson - All Blues Soloing for Jazz Guitar (1999, Mel Bay Publications,U.S.) - libgen.li.pdf",0,Generated from local master inventory v2. Confirm title/author metadata before production import.
book-id-034,jody-fisher-beginning-jazz-guitar-the-complete-jazz-guitar-method-beginning-intermediate-mastering-chord-melody-mastering-improvisation-1995-alfred-publishing-c,"Beginning Jazz Guitar The Complete Jazz Guitar Method Beginning-intermediate-mastering Chord Melody-mastering Improvisation (1995, Alfred Publishing Co., Inc.)",Jody Fisher,PDF,scanned / OCR needed,Style / Genre,Study; Knowing; Create; Doing; Mastery,Potential source after OCR,OCR Later,book-020,"/Users/alessandralove/Downloads/Guitar Resources/ Jody Fisher - Beginning Jazz Guitar_ The Complete Jazz Guitar Method_ Beginning-intermediate-mastering Chord_Melody-mastering Improvisation (1995, Alfred Publishing Co., Inc.) - libgen.li.pdf",0,Generated from local master inventory v2. Confirm title/author metadata before production import.
book-id-035,jody-fisher-jazz-guitar-2-intermediate-alfred,Jazz Guitar 2- Intermediate (Alfred),Jody Fisher,PDF,scanned / OCR needed,Style / Genre,Create; Doing,Potential source after OCR,OCR Later,book-021,/Users/alessandralove/Downloads/Guitar Resources/ Jody Fisher - Jazz Guitar 2- Intermediate (Alfred) - libgen.li.pdf,0,Generated from local master inventory v2. Confirm title/author metadata before production import.
book-id-036,jody-fisher-jazz-guitar-3-mastering-chord-melody-alfred,Jazz Guitar 3 - Mastering Chord Melody (Alfred),Jody Fisher,PDF,scanned / OCR needed,Style / Genre,Study; Knowing; Create; Doing; Mastery,Potential source after OCR,OCR Later,book-022,/Users/alessandralove/Downloads/Guitar Resources/ Jody Fisher - Jazz Guitar 3 - Mastering Chord Melody (Alfred) - libgen.li.pdf,0,Generated from local master inventory v2. Confirm title/author metadata before production import.
book-id-037,jody-fisher-jazz-guitar-4-mastering-improvisation-alfred,Jazz Guitar 4 - Mastering Improvisation (Alfred),Jody Fisher,PDF,scanned / OCR needed,Style / Genre,Create; Doing; Mastery,Potential source after OCR,OCR Later,book-023,/Users/alessandralove/Downloads/Guitar Resources/ Jody Fisher - Jazz Guitar 4 - Mastering Improvisation (Alfred) - libgen.li.pdf,0,Generated from local master inventory v2. Confirm title/author metadata before production import.
book-id-038,joe-satriani-joe-satriani-guitar-secrets-guitar-educational-1993-cherry-lane-music,"Joe Satriani - Guitar Secrets (Guitar Educational) (1993, Cherry Lane Music)",Joe Satriani,PDF,scanned / OCR needed,Unclassified,To Review,Potential source after OCR,OCR Later,book-024,"/Users/alessandralove/Downloads/Guitar Resources/ Joe Satriani - Joe Satriani - Guitar Secrets (Guitar Educational) (1993, Cherry Lane Music) - libgen.li.pdf",0,Generated from local master inventory v2. Confirm title/author metadata before production import.
book-id-039,john-ganapes-john-n-ganapes-blues-you-can-use-blues-you-can-use-1995-hal-leonard-corporation,"Blues You Can Use (Blues You Can Use) (1995, Hal Leonard Corporation)","John Ganapes, John N Ganapes",PDF,scanned / OCR needed,Style / Genre,Create; Doing,Potential source after OCR,OCR Later,book-043,"/Users/alessandralove/Downloads/Guitar Resources/[Blues You Can Use] John Ganapes, John N Ganapes - Blues You Can Use (Blues You Can Use) (1995, Hal Leonard Corporation) - libgen.li.pdf",0,Generated from local master inventory v2. Confirm title/author metadata before production import.
book-id-040,john-jorgenson-introduction-to-gypsy-jazz-guitar-john-jorgenson-book-cd-dvd-set-2004-flatpicking-guitar-magazine,"Introduction to Gypsy Jazz Guitar John Jorgenson (Book CD DVD Set) (2004, Flatpicking Guitar Magazine)",John Jorgenson,PDF,text-based / extraction likely good,Style / Genre,Create; Doing,Supporting source for selected lessons or roadmap items,Supporting Reference,book-025,"/Users/alessandralove/Downloads/Guitar Resources/ John Jorgenson - Introduction to Gypsy Jazz Guitar_ John Jorgenson (Book_CD_DVD Set) (2004, Flatpicking Guitar Magazine) - libgen.li.pdf",0,Generated from local master inventory v2. Confirm title/author metadata before production import.
book-id-041,k-anders-ericsson-neil-charness-paul-j-feltovich-robert-r-the-cambridge-handbook-of-expertise-and-expert-performance-2006,The Cambridge Handbook of Expertise and Expert Performance (2006),"K. Anders Ericsson, Neil Charness, Paul J. Feltovich, Robert R.",PDF,text-based / extraction likely good,Learning Science / Music Cognition,Hearth; Practice; Mastery; Study,Curriculum spine source,Active Source,book-074,"/Users/alessandralove/Downloads/LEARNING/ K. Anders Ericsson, Neil Charness, Paul J. Feltovich, Robert R. - The Cambridge Handbook of Expertise and Expert Performance (2006) - libgen.li.pdf",0,Generated from local master inventory v2. Confirm title/author metadata before production import.
book-id-042,k-anders-ericsson-development-of-professional-expertise-toward-measurement-of-expert-performance-and-design-of-optimal-learning-environments-2009-cambridge-univ,"Development of Professional Expertise Toward Measurement of Expert Performance and Design of Optimal Learning Environments (2009, Cambridge University Press)",K. Anders Ericsson,PDF,text-based / extraction likely good,Learning Science / Music Cognition,Hearth; Practice; Mastery; Study,Curriculum spine source,Active Source,book-073,"/Users/alessandralove/Downloads/LEARNING/ K. Anders Ericsson - Development of Professional Expertise_ Toward Measurement of Expert Performance and Design of Optimal Learning Environments (2009, Cambridge University Press) - libgen.li.pdf",0,Generated from local master inventory v2. Confirm title/author metadata before production import.
book-id-043,kofi-agawu-music-as-discourse-semiotic-adventures-in-romantic-music-oxford-studies-in-music-theory-2008-oxford-university-press-usa,"Music as Discourse Semiotic Adventures in Romantic Music (Oxford Studies in Music Theory) (2008, Oxford University Press, USA)",Kofi Agawu,PDF,text-based / extraction likely good,Create / Composition,Study; Knowing; Create; Doing,Supporting source for selected lessons or roadmap items,Supporting Reference,book-075,"/Users/alessandralove/Downloads/LEARNING/ Kofi Agawu - Music as Discourse_ Semiotic Adventures in Romantic Music (Oxford Studies in Music Theory) (2008, Oxford University Press, USA) - libgen.li.pdf",1,Generated from local master inventory v2. Confirm title/author metadata before production import.
book-id-044,larry-baione-berklee-practice-method-guitar-2001-berklee-press-publications,"Berklee Practice Method Guitar (2001, Berklee Press Publications)",Larry Baione,PDF,scanned / OCR needed,Unclassified,Doing; Practice,Potential source after OCR,OCR Later,book-027,"/Users/alessandralove/Downloads/Guitar Resources/ Larry Baione) - Berklee Practice Method_ Guitar (2001, Berklee Press Publications) - libgen.li.pdf",0,Generated from local master inventory v2. Confirm title/author metadata before production import.
book-id-045,marangraphics-development-group-maran-illustrated-guitar-2005-thomson-course-technology-ptr,"Maran Illustrated Guitar (2005, Thomson Course Technology PTR)",maranGraphics Development Group,PDF,scanned / OCR needed,Unclassified,To Review,Potential source after OCR,OCR Later,book-028,"/Users/alessandralove/Downloads/Guitar Resources/ maranGraphics Development Group - Maran Illustrated Guitar (2005, Thomson Course Technology PTR) - libgen.li.pdf",0,Generated from local master inventory v2. Confirm title/author metadata before production import.
book-id-046,marc-schonbrun-the-everything-music-theory-book-a-complete-guide-to-taking-your-understanding-of-music-to-the-next-level-2012-adams-media,"The Everything Music Theory Book A Complete Guide to Taking Your Understanding of Music to the Next Level (2012, Adams Media)",Marc Schonbrun,EPUB,EPUB / extraction likely good,Theory / Fretboard,Study; Knowing,Curriculum spine source,Active Source,book-057,"/Users/alessandralove/Downloads/Guitar Resources/Done/ Marc Schonbrun - The Everything Music Theory Book_ A Complete Guide to Taking Your Understanding of Music to the Next Level (2012, Adams Media) - libgen.li.epub",0,Generated from local master inventory v2. Confirm title/author metadata before production import.
book-id-047,marc-schonbrun-the-everything-rock-and-blues-guitar-book-from-chords-to-scales-and-licks-to-tricks-all-you-need-to-play-like-the-greats-2003-adams-media,"The Everything Rock & Blues Guitar Book From Chords to Scales and Licks to Tricks, All You Need to Play Like the Greats (2003, Adams Media)",Marc Schonbrun,PDF,mixed / partial text,Style / Genre,Study; Knowing; Create; Doing,Supporting source for selected lessons or roadmap items,Supporting Reference,book-065,"/Users/alessandralove/Downloads/Guitar Resources/Done/[Everything Series] Marc Schonbrun - The Everything Rock & Blues Guitar Book_ From Chords to Scales and Licks to Tricks, All You Need to Play Like the Greats (2003, Adams Media) - libgen.li.pdf",0,Generated from local master inventory v2. Confirm title/author metadata before production import.
book-id-048,mark-phillips-jon-chappell-guitar-exercises-for-dummies-2009-wiley-publishing,"Guitar Exercises for Dummies (2009, Wiley Publishing)","Mark Phillips, Jon Chappell",PDF,text-based / extraction likely good,Technique / Practice,Foundation; Knowing; Doing; Practice,Supporting source for selected lessons or roadmap items,Supporting Reference,book-066,"/Users/alessandralove/Downloads/Guitar Resources/Done/[For Dummies ] Mark Phillips, Jon Chappell - Guitar Exercises for Dummies (2009, Wiley Publishing) - libgen.li.pdf",0,Generated from local master inventory v2. Confirm title/author metadata before production import.
book-id-049,michael-p-wolfsohn-music-theory-for-guitar-an-introduction-to-the-essentials-guitar-techniques-1992-hal-leonard-corporation,"Music Theory for Guitar An Introduction to the Essentials (Guitar Techniques) (1992, Hal Leonard Corporation)",Michael P. Wolfsohn,PDF,scanned / OCR needed,Theory / Fretboard,Doing; Practice; Study; Knowing,Potential source after OCR,OCR Later,book-029,"/Users/alessandralove/Downloads/Guitar Resources/ Michael P. Wolfsohn - Music Theory for Guitar_ An Introduction to the Essentials (Guitar Techniques) (1992, Hal Leonard Corporation) - libgen.li.pdf",0,Generated from local master inventory v2. Confirm title/author metadata before production import.
book-id-050,mike-senior-mixing-secrets-for-the-small-studio-2011-focal-press,"Mixing Secrets for the small studio (2011, Focal Press)",Mike Senior,PDF,text-based / extraction likely good,Recording / Production,Create; Doing,Reference shelf / private library,Private Library,book-030,"/Users/alessandralove/Downloads/Guitar Resources/ Mike Senior - Mixing Secrets for the small studio (2011, Focal Press) - libgen.li.pdf",0,Generated from local master inventory v2. Confirm title/author metadata before production import.
book-id-051,nelson-troy-guitar-aerobics-a-52-week-one-lick-per-day-workout-program-for-developing-improving-and-maintaining-guitar-technique-2007-hal-leonard-corporation,"Guitar Aerobics A 52-Week, One-lick-per-day Workout Program for Developing, Improving and Maintaining Guitar Technique (2007, HAL LEONARD CORPORATION)","Nelson, Troy",PDF,text-based / extraction likely good,Technique / Practice,Doing; Practice,Supporting source for selected lessons or roadmap items,Supporting Reference,book-058,"/Users/alessandralove/Downloads/Guitar Resources/Done/ Nelson, Troy - Guitar Aerobics_ A 52-Week, One-lick-per-day Workout Program for Developing, Improving and Maintaining Guitar Technique (2007, HAL LEONARD CORPORATION) - libgen.li.pdf",0,Generated from local master inventory v2. Confirm title/author metadata before production import.
book-id-052,patrick-stefurak-guitar-building-blocks-1996,Guitar Building Blocks (1996),Patrick Stefurak,PDF,text-based / extraction likely good,Beginner / Reference,Foundation; Knowing,Supporting source for selected lessons or roadmap items,Supporting Reference,book-059,/Users/alessandralove/Downloads/Guitar Resources/Done/ Patrick Stefurak - Guitar Building Blocks (1996) - libgen.li.pdf,1,Generated from local master inventory v2. Confirm title/author metadata before production import.
book-id-053,peckham-rick-berklee-jazz-guitar-chord-dictionary-berklee-guide-2007-berklee-college-licensed,"BERKLEE JAZZ GUITAR CHORD DICTIONARY (Berklee Guide) (2007, BERKLEE COLLEGE -LICENSED)",PECKHAM RICK,PDF,text-based / extraction likely good,Style / Genre,Study; Knowing; Create; Doing,Supporting source for selected lessons or roadmap items,Supporting Reference,book-041,"/Users/alessandralove/Downloads/Guitar Resources/[Berklee Guide] PECKHAM RICK - BERKLEE JAZZ GUITAR CHORD DICTIONARY (Berklee Guide) (2007, BERKLEE COLLEGE -LICENSED) - libgen.li.pdf",1,Generated from local master inventory v2. Confirm title/author metadata before production import.
book-id-054,peter-hollins-the-science-of-self-learning-how-to-teach-yourself-anything-learn-more-in-less-time-and-direct-your-own-education-learning-2018-ph-learning-inc,"The Science of Self-Learning How to Teach Yourself Anything, Learn More in Less Time, and Direct Your Own Education (Learning (2018, PH Learning Inc.)",Peter Hollins,EPUB,EPUB / extraction likely good,Learning Science / Music Cognition,Study; Knowing; Hearth,Supporting source for selected lessons or roadmap items,Supporting Reference,book-076,"/Users/alessandralove/Downloads/LEARNING/ Peter Hollins - The Science of Self-Learning_ How to Teach Yourself Anything, Learn More in Less Time, and Direct Your Own Education (Learning (2018, PH Learning Inc.) - libgen.li.epub",1,Generated from local master inventory v2. Confirm title/author metadata before production import.
book-id-055,philip-ball-the-music-instinct-how-music-works-and-why-we-can-t-do-without-it-2010-oxford-university-press-usa,"The Music Instinct How Music Works and Why We Can't Do Without It (2010, Oxford University Press, USA)",Philip Ball,PDF,text-based / extraction likely good,Learning Science / Music Cognition,Study; Knowing; Hearth,Supporting source for selected lessons or roadmap items,Supporting Reference,book-077,"/Users/alessandralove/Downloads/LEARNING/ Philip Ball - The Music Instinct_ How Music Works and Why We Can't Do Without It (2010, Oxford University Press, USA) - libgen.li.pdf",1,Generated from local master inventory v2. Confirm title/author metadata before production import.
book-id-056,picture-chord-encyclopedia-photos-and-diagrams-for-over-2-600-guitar-chords-2000-hal-leonard-corporation,"Picture Chord Encyclopedia Photos & Diagrams for Over 2,600 Guitar Chords (2000, Hal Leonard Corporation)",,PDF,scanned / OCR needed,Unclassified,Study; Knowing,Reference shelf / private library,Private Library,book-034,"/Users/alessandralove/Downloads/Guitar Resources/ Picture Chord Encyclopedia_ Photos & Diagrams for Over 2,600 Guitar Chords (2000, Hal Leonard Corporation) - libgen.li.pdf",0,Generated from local master inventory v2. Confirm title/author metadata before production import.
book-id-057,ralph-denyer-the-guitar-handbook-1992-dorling-kindersley-knopf,"The Guitar Handbook (1992, Dorling Kindersley Knopf)",Ralph Denyer,PDF,scanned / OCR needed,Beginner / Reference,Foundation; Knowing,Potential source after OCR,OCR Later,book-060,"/Users/alessandralove/Downloads/Guitar Resources/Done/ Ralph Denyer - The Guitar Handbook (1992, Dorling Kindersley_Knopf) - libgen.li.pdf",0,Generated from local master inventory v2. Confirm title/author metadata before production import.
book-id-058,renard-hoover-right-hand-development-for-jazz-guitar-1981-columbia-pictures-publications,"Right Hand Development For Jazz Guitar (1981, Columbia Pictures Publications)",Renard Hoover,PDF,text-based / extraction likely good,Style / Genre,Doing; Practice; Create,Supporting source for selected lessons or roadmap items,Supporting Reference,book-035,"/Users/alessandralove/Downloads/Guitar Resources/ Renard Hoover - Right Hand Development For Jazz Guitar (1981, Columbia Pictures Publications) - libgen.li.pdf",0,Generated from local master inventory v2. Confirm title/author metadata before production import.
book-id-059,rikky-rooksby-how-to-write-songs-on-guitar-a-guitar-playing-and-songwriting-course-2000-miller-freeman-books,"How to Write Songs on Guitar A Guitar-Playing and Songwriting Course (2000, Miller Freeman Books)",Rikky Rooksby,PDF,text-based / extraction likely good,Create / Composition,Create; Doing,Supporting source for selected lessons or roadmap items,Supporting Reference,book-036,"/Users/alessandralove/Downloads/Guitar Resources/ Rikky Rooksby - How to Write Songs on Guitar_ A Guitar-Playing and Songwriting Course (2000, Miller Freeman Books) - libgen.li.pdf",0,Generated from local master inventory v2. Confirm title/author metadata before production import.
book-id-060,ross-bolton-funk-guitar-the-essential-guide-private-lessons-2001-musicians-institute-press,"Funk Guitar The Essential Guide (Private Lessons) (2001, Musicians Institute Press)",Ross Bolton,PDF,scanned / OCR needed,Style / Genre,Create; Doing,Potential source after OCR,OCR Later,book-048,"/Users/alessandralove/Downloads/Guitar Resources/[Private Lessons] Ross Bolton - Funk Guitar_ The Essential Guide (Private Lessons) (2001, Musicians Institute Press) - libgen.li.pdf",0,Generated from local master inventory v2. Confirm title/author metadata before production import.
book-id-061,scott-tennant-pumping-nylon-1995-alfred-pub-co,"Pumping Nylon (1995, Alfred Pub Co)",Scott Tennant,PDF,scanned / OCR needed,Classical / Technique,Doing; Practice,Supporting source for selected lessons or roadmap items,Supporting Reference,book-061,"/Users/alessandralove/Downloads/Guitar Resources/Done/ Scott Tennant - Pumping Nylon (1995, Alfred Pub Co) - libgen.li.pdf",0,Generated from local master inventory v2. Confirm title/author metadata before production import.
book-id-062,scott-tennant-pumping-nylon-easy-to-early-intermediate-repertoire-1998-alfred-publishing-company,"Pumping Nylon Easy to Early Intermediate Repertoire (1998, Alfred Publishing Company)",Scott Tennant,PDF,mixed / partial text,Classical / Technique,Doing; Practice,Supporting source for selected lessons or roadmap items,Supporting Reference,book-062,"/Users/alessandralove/Downloads/Guitar Resources/Done/ Scott Tennant - Pumping Nylon_ Easy to Early Intermediate Repertoire (1998, Alfred Publishing Company) - libgen.li.pdf",0,Generated from local master inventory v2. Confirm title/author metadata before production import.
book-id-063,study-en,study-en,,PDF,text-based / extraction likely good,Unclassified,To Review,Reference shelf / private library,Private Library,book-079,/Users/alessandralove/Downloads/LEARNING/study-en.pdf,1,Generated from local master inventory v2. Confirm title/author metadata before production import.
book-id-064,troy-stetina-speed-mechanics-for-lead-guitar-1992-hal-leonard-corporation,"Speed Mechanics for Lead Guitar (1992, Hal Leonard Corporation)",Troy Stetina,PDF,scanned / OCR needed,Technique / Practice,Doing; Practice,Potential source after OCR,OCR Later,book-049,"/Users/alessandralove/Downloads/Guitar Resources/[Stylistic Method] Troy Stetina - Speed Mechanics for Lead Guitar (1992, Hal Leonard Corporation) - libgen.li.pdf",0,Generated from local master inventory v2. Confirm title/author metadata before production import.
book-id-065,various-the-ultimate-guitar-chord-chart-1999-hal-leonard-corporation,"The Ultimate Guitar Chord Chart (1999, Hal Leonard Corporation)",Various,PDF,text-based / extraction likely good,Theory / Fretboard,Study; Knowing,Reference shelf / private library,Private Library,book-037,"/Users/alessandralove/Downloads/Guitar Resources/ Various - The Ultimate Guitar Chord Chart (1999, Hal Leonard Corporation) - libgen.li.pdf",0,Generated from local master inventory v2. Confirm title/author metadata before production import.
book-id-066,william-l-fowler-guitar-patterns-for-improvisation-1971-maher-publications,"Guitar Patterns For Improvisation (1971, Maher Publications)",William L Fowler,PDF,text-based / extraction likely good,Theory / Fretboard,Study; Knowing,Supporting source for selected lessons or roadmap items,Supporting Reference,book-038,"/Users/alessandralove/Downloads/Guitar Resources/ William L Fowler - Guitar Patterns For Improvisation (1971, Maher Publications) - libgen.li.pdf",0,Generated from local master inventory v2. Confirm title/author metadata before production import.
book-id-067,william-leavitt-a-modern-method-for-guitar-volumes-1-2-3-complete-1999-berklee-press-publications,"A Modern Method for Guitar - Volumes 1, 2, 3 Complete (1999, Berklee Press Publications)",William Leavitt,PDF,mixed / partial text,Unclassified,To Review,Needs human review,To Review,book-042,"/Users/alessandralove/Downloads/Guitar Resources/[Berklee Methods] William Leavitt - A Modern Method for Guitar - Volumes 1, 2, 3 Complete (1999, Berklee Press Publications) - libgen.li.pdf",0,Generated from local master inventory v2. Confirm title/author metadata before production import.
book-id-068,william-leavitt-berklee-basic-guitar-phase-1-guitar-technique-guitar-method-1986-berklee-press-publications,"Berklee Basic Guitar - Phase 1 Guitar Technique (Guitar Method) (1986, Berklee Press Publications)",William Leavitt,PDF,scanned / OCR needed,Technique / Practice,Doing; Practice,Supporting source for selected lessons or roadmap items,Supporting Reference,book-063,"/Users/alessandralove/Downloads/Guitar Resources/Done/ William Leavitt - Berklee Basic Guitar - Phase 1_ Guitar Technique (Guitar Method) (1986, Berklee Press Publications) - libgen.li.pdf",0,Generated from local master inventory v2. Confirm title/author metadata before production import.
book-id-069,william-leavitt-berklee-basic-guitar-phase-2-guitar-technique-guitar-solo-1986-berklee-press-publications,"Berklee Basic Guitar - Phase 2 Guitar Technique (Guitar Solo) (1986, Berklee Press Publications)",William Leavitt,PDF,scanned / OCR needed,Technique / Practice,Doing; Practice,Potential source after OCR,OCR Later,book-064,"/Users/alessandralove/Downloads/Guitar Resources/Done/ William Leavitt - Berklee Basic Guitar - Phase 2_ Guitar Technique (Guitar Solo) (1986, Berklee Press Publications) - libgen.li.pdf",0,Generated from local master inventory v2. Confirm title/author metadata before production import.
