order,section,time_minutes,teaching_phrase,activity,win_condition,step_down_if_stuck
1,Arrival and Body Scan,5,"Before we play faster or learn more, we check if the body is available.","Breath shoulders jaw hands open-string sound",Jen names one body sensation,One breath and one open string
2,Right-Hand Pattern Choice,10-15,"A right-hand pattern is rhythm you can hold. It gives the left hand somewhere to live.","Ask fingerpicking or strumming; teach one pattern; repeat four times",Jen repeats one pattern four times without stopping,Use muted strings or open strings only
3,Rest Stroke and Free Stroke,5,"Neither is better. They are two colours.","Four rest strokes then four free strokes on open string",Jen hears or feels one difference,Use only open high E string
4,E and A Root Highways,8-10,"The low E and A strings are like highways for finding home notes.","Find A and C on low E; find E and D on A string",Jen finds two notes slowly,Use only A at low E fret 5
5,Pentatonic Vocabulary,10,"Pentatonic means five notes. Treat them like five words that already sound good together.","Play A minor pentatonic slowly; stop on A; make three-note phrase",Jen makes a tiny phrase,Use only D string 5-7 and G string 5
6,Pattern Into Riff,15,"The left hand chooses notes; the right hand gives them pulse.","Review her riff or build one from three notes plus one right-hand rhythm",Jen leaves with one repeatable riff,Repeat one two-note rhythm
7,Call and Response,5-10,"Conversation needs space. If you never pause, nobody can answer.","Question phrase and answer phrase using pentatonic notes",Jen plays one question and one answer,Use only rhythm on one note
8,C Chord Gap Check,5,"We are just touching this gap, not mastering it today.","Place C chord slowly and identify hard finger/string",Jen identifies difficulty,Skip if overloaded
9,Reflect and Assign,5,"What sounded most like music today?","Log body/right-hand/fretboard/riff/fog; assign right-hand pattern E/A notes and riff",Clear home task,Ask one question only
