node_slug,node_name,core_node,prototype_map_node,scene_name,map_metaphor,recommended_route,primary_purpose,owns_content,tracks_progress,unlock_rule,recommended_icon_key,svg_x,svg_y,svg_anchor_status,current_svg_interaction,connection_notes,rebuild_status,notes
foundation,Foundation,yes,yes,Threshold Pyramid,The beginning and orientation chamber,/nodes/foundation,Teach how the simulator works how learning works music as language and first contact with guitar,"foundation_blocks; teaching_lessons; teaching_steps; source_notes","lesson_units; block_completion; first_actions",unlocked_by_default,pyramid_or_bridge,350,73,coordinate_known,"hover showNodePreview; click showNodeInfo; tooltip #ni Enter Node","Top center; branches to Doing and Knowing",preserve_and_expand,This should be the required threshold or strongly recommended first visit
doing,Doing,yes,yes,Fretboard,Physical skill map,/nodes/doing,Build physical control through drills technique rhythm chord changes and movement,"practice_drills; roadmap_items; pass_conditions; resources","drill_state; tempo; clean_attempts; mastery_state",foundation_started_or_unlocked_by_default,guitar_headstock,146,283,coordinate_known,"hover showNodePreview; click showNodeInfo; tooltip #ni Enter Node","Left branch from Foundation; descends to Practice",preserve,Keep fretboard-as-map metaphor
knowing,Knowing,yes,yes,Library,Source-backed bookshelf,/nodes/knowing,Hold books reference concepts glossary diagrams and citations,"book_sources; book_files; book_sections; source_notes; glossary","read_state; saved_references; source_note_links",foundation_started_or_unlocked_by_default,books,554,283,coordinate_known,"hover showNodePreview; click showNodeInfo; tooltip #ni Enter Node","Right branch from Foundation; descends to Study",preserve,Keep bookshelf but make books/source notes real database objects
practice,Practice,yes,yes,Temple,Focused repetition chamber,/nodes/practice,Guide warm-up drill application reflection timer and metronome sessions,"practice_sessions; practice_cards; practice_drills","minutes; streak; session_feeling; repeated_drills",foundation_started_or_unlocked_by_default,temple,248,388,coordinate_known,"hover showNodePreview; click showNodeInfo; tooltip #ni Enter Node","Left middle branch between Doing and Hearth",preserve_and_deepen,"Prototype label may spell this Practise; recommend database slug Practice for consistency"
study,Study,yes,yes,Study Chamber,Concept map and misunderstood-word recovery,/nodes/study,Organise theory reading music terms quizzes and concept relationships,"study_paths; quizzes; concept_maps; glossary","quiz_state; concept_confidence; review_needed",foundation_started_or_unlocked_by_default,keyhole_or_brain,452,388,coordinate_known,"hover showNodePreview; click showNodeInfo; tooltip #ni Enter Node","Right middle branch between Knowing and Hearth",preserve_and_deepen,This is where reading music and misunderstood-word recovery should mature
hearth,Hearth,yes,yes,Inner Hearth,Nervous system and journey memory,/nodes/hearth,Hold learning science reflection progress overview body mind and cross-domain identity,"journey_state; reflections; learner_profiles; progress_summary","reflection_count; profile_state; cross_node_progress",unlocked_by_default,brain_or_hearth,350,494,coordinate_known,"hover showNodePreview; click showNodeInfo; tooltip #ni Enter Node","Dead center; branch paths descend into it and fan outward from it",promote_to_core,This is central to reusable learning engine and should not be displaced by Play
play,Play,no,yes,World Map,Listening cultures and traditions pathway,/paths/world-traditions,Explore guitar traditions regions artists listening and style influences,"tradition_entries; artist_references; listening_resources","viewed_regions; saved_listening; style_interests",optional_path_after_foundation,compass,88,682,coordinate_known,"hover showNodePreview; click showNodeInfo; tooltip #ni Enter Node","Far left lower branch from Hearth; converges toward Mastery",absorb_not_core,Preserve prototype Play content as World Traditions pathway unless Ayla deliberately restores it as a core node
create,Create,yes,yes,Cauldron,Creative collision chamber,/nodes/create,Generate emotionally exposing creative prompts and save seeds,"create_obstructions; create_combos; creative_projects","prompt_history; saved_seeds; selected_ingredients",level_1_started_or_unlocked_by_default,cauldron,612,682,coordinate_known,"hover showNodePreview; click showNodeInfo; tooltip #ni Enter Node","Far right lower branch from Hearth; converges toward Mastery",preserve,Keep cauldron and obstruction quality
mastery,Mastery,yes,yes,Phoenix,Beyond-technique inspiration chamber,/nodes/mastery,Show artistry voice advanced inspiration and long-range aspiration,"mastery_exemplars; artist_references; advanced_concepts","viewed_inspirations; saved_artists; long_range_goals",level_threshold_or_always_visible,phoenix,350,813,coordinate_known,"hover showNodePreview; click showNodeInfo; tooltip #ni Enter Node","Bottom center; lower branches converge here",preserve_and_expand,Keep phoenix and beyond-technique concept
