order,node_slug,prototype_data_node,core_node,node_data_tag,node_data_title,node_data_action,dispatch_function,cx,cy,ring_radius,touch_radius,icon_file,image_x,image_y,image_width,image_height,clip_path_id,extra_svg,css_classes,hover_handler,click_handler,route,notes
1,foundation,foundation,yes,HOME NODE,Foundation,foundation,showFoundation,350,73,48,65,images/foundation-icon.png,314,37,72,72,clip-foundation,foundation-glow id=foundation-ring r=60,mn-g unlocked; mn-ring; touch-area; foundation-glow,"showNodePreview('foundation',event)",showNodeInfo('foundation'),/nodes/foundation,Top center. Has data-node attribute and dashed foundation glow.
2,doing,doing,yes,DOING PATH,Do,doing,showDoing,146,283,48,65,images/doing-icon.png,98,235,96,96,clip-doing,,mn-g unlocked; mn-ring; touch-area,"showNodePreview('doing',event)",showNodeInfo('doing'),/nodes/doing,Left branch. Prototype title is Do; recommended app node name is Doing.
3,knowing,knowing,yes,KNOWING PATH,Know,knowing,showKnowing,554,283,48,65,images/knowing-icon.png,518,247,72,72,clip-knowing,,mn-g unlocked; mn-ring; touch-area,"showNodePreview('knowing',event)",showNodeInfo('knowing'),/nodes/knowing,Right branch. Prototype title is Know; recommended app node name is Knowing.
4,practice,practise,yes,DOING PATH,Practise,practice,showPractice,248,388,48,65,images/practise-icon.png,212,352,72,72,clip-practise,,mn-g unlocked; mn-ring; touch-area,"showNodePreview('practise',event)",showNodeInfo('practise'),/nodes/practice,Prototype uses British data-node practise but action maps to practice. Recommend canonical slug practice.
5,study,study,yes,KNOWING PATH,Study,study,showStudy,452,388,48,65,images/study-icon.png,416,352,72,72,clip-study,,mn-g unlocked; mn-ring; touch-area,"showNodePreview('study',event)",showNodeInfo('study'),/nodes/study,Right middle branch.
6,hearth,hearth,yes,ORIGIN,The Hearth,hearth,showHearth,350,494,48,65,images/hearth-icon.png,302,446,96,96,clip-hearth,group lacks data-node attribute in raw SVG; handler still uses hearth,mn-g; mn-ring; touch-area,"showNodePreview('hearth',event)",showNodeInfo('hearth'),/nodes/hearth,Dead center. Raw SVG group lacks data-node unlike most nodes; rebuild should add it.
7,play,play,no,DOING PATH,Play,play,showPlay,88,682,48,65,images/play-icon.png,52,646,72,72,clip-play,,mn-g unlocked; mn-ring; touch-area,"showNodePreview('play',event)",showNodeInfo('play'),/paths/world-traditions,Prototype node. Recommended as optional World Traditions pathway unless promoted later.
8,create,create,yes,KNOWING PATH,Create,create,showCreate,612,682,48,65,images/create-icon.png,564,634,96,96,clip-create,,mn-g unlocked; mn-ring; touch-area,"showNodePreview('create',event)",showNodeInfo('create'),/nodes/create,Far right lower branch.
9,mastery,mastery,yes,FINAL,Mastery,mastery,showMastery,350,813,48,65,images/mastery-icon.png,302,765,96,96,clip-mastery,outer dotted r=155; mastery rings mring-l1..mring-l8 r=140..48,mn-g unlocked; mn-ring; touch-area; mastery-ring,"showNodePreview('mastery',event)",showNodeInfo('mastery'),/nodes/mastery,Bottom center. Includes 8 concentric mastery rings.
