Book Identity ID,Inventory ID,Title,Author,Format,Size MB,Pages,Text Quality,Domain,Likely Hearth Nodes,Clean Status,Source Role,Canonical Copy,Duplicate Group,Duplicate Of Inventory ID,Canonical Local File,Next Action,Local File
book-id-001,book-051,"Mel Bay Learning the Classic Guitar Part 1 (1990, Mel Bay Publications, Inc.)",Aaron Shearer,pdf,29.0,162,scanned / OCR needed,Classical / Technique,Foundation; Doing; Practice,Active Source,Curriculum spine source,Yes,,,"/Users/alessandralove/Downloads/Guitar Resources/Done/ Aaron Shearer - Mel Bay Learning the Classic Guitar_ Part 1 (1990, Mel Bay Publications, Inc.) - libgen.li.pdf",Add to OCR priority review,"/Users/alessandralove/Downloads/Guitar Resources/Done/ Aaron Shearer - Mel Bay Learning the Classic Guitar_ Part 1 (1990, Mel Bay Publications, Inc.) - libgen.li.pdf"
book-id-002,book-052,"Mel Bay Presents Aaron Shearer Learning the Classic Guitar, Part 2 (1990, Mel Bay Publications, Inc.)",Aaron Shearer,pdf,33.7,218,scanned / OCR needed,Classical / Technique,Doing; Practice,Supporting Reference,Supporting source for selected lessons or roadmap items,Yes,,,"/Users/alessandralove/Downloads/Guitar Resources/Done/ Aaron Shearer - Mel Bay Presents_ Aaron Shearer_ Learning the Classic Guitar, Part 2 (1990, Mel Bay Publications, Inc.) - libgen.li.pdf",OCR only after active sources are mapped,"/Users/alessandralove/Downloads/Guitar Resources/Done/ Aaron Shearer - Mel Bay Presents_ Aaron Shearer_ Learning the Classic Guitar, Part 2 (1990, Mel Bay Publications, Inc.) - libgen.li.pdf"
book-id-003,book-050,"Mel Bay Aaron Shearer Learning the Classic Guitar, part 3 (Book & CD) (1995, Mel Bay Publications, Inc.)",Aaron Shearer,pdf,21.9,87,scanned / OCR needed,Classical / Technique,Doing; Practice,OCR Later,Potential source after OCR,Yes,,,"/Users/alessandralove/Downloads/Guitar Resources/Done/ Aaron Shearer - Mel Bay Aaron Shearer Learning the Classic Guitar, part 3 (Book & CD) (1995, Mel Bay Publications, Inc.) - libgen.li.pdf",OCR only after active sources are mapped,"/Users/alessandralove/Downloads/Guitar Resources/Done/ Aaron Shearer - Mel Bay Aaron Shearer Learning the Classic Guitar, part 3 (Book & CD) (1995, Mel Bay Publications, Inc.) - libgen.li.pdf"
book-id-004,book-001,The Guitar Grimoire A Compendium of Formulas for Guitar Scales and Modes (1991),Adam Kadmon,pdf,17.8,220,scanned / OCR needed,Theory / Fretboard,Study; Knowing,OCR Later,Potential source after OCR,Yes,,,/Users/alessandralove/Downloads/Guitar Resources/ Adam Kadmon - The Guitar Grimoire_ A Compendium of Formulas for Guitar Scales and Modes (1991) - libgen.li.pdf,OCR only after active sources are mapped,/Users/alessandralove/Downloads/Guitar Resources/ Adam Kadmon - The Guitar Grimoire_ A Compendium of Formulas for Guitar Scales and Modes (1991) - libgen.li.pdf
book-id-005,book-002,"Music, Language, and the Brain (2007, Oxford University Press, USA)",Aniruddh D. Patel,pdf,5.4,526,text-based / extraction likely good,Learning Science / Music Cognition,Study; Knowing; Hearth,Duplicate / Archive,Archive copy; keep out of active curriculum until deduped physically,No,dup-book-id-005,book-070,"/Users/alessandralove/Downloads/LEARNING/ Aniruddh D. Patel - Music, Language, and the Brain (2007, Oxford University Press, USA) - libgen.li.pdf",Archive this duplicate path in catalogue only,"/Users/alessandralove/Downloads/Guitar Resources/ Aniruddh D. Patel - Music, Language, and the Brain (2007, Oxford University Press, USA) - libgen.li.pdf"
book-id-005,book-070,"Music, Language, and the Brain (2007, Oxford University Press, USA)",Aniruddh D. Patel,pdf,5.4,526,text-based / extraction likely good,Learning Science / Music Cognition,Study; Knowing; Hearth,Active Source,Curriculum spine source,Yes,dup-book-id-005,,"/Users/alessandralove/Downloads/LEARNING/ Aniruddh D. Patel - Music, Language, and the Brain (2007, Oxford University Press, USA) - libgen.li.pdf",Use this copy as the working source,"/Users/alessandralove/Downloads/LEARNING/ Aniruddh D. Patel - Music, Language, and the Brain (2007, Oxford University Press, USA) - libgen.li.pdf"
book-id-006,book-003,Jazz Guitar Artistry (Ashley Mark Jazz Series for Guitar) (1990),Ashley Mark,pdf,1.2,52,scanned / OCR needed,Style / Genre,Create; Doing,OCR Later,Potential source after OCR,Yes,,,/Users/alessandralove/Downloads/Guitar Resources/ Ashley Mark - Jazz Guitar Artistry (Ashley Mark Jazz Series for Guitar) (1990) - libgen.li.pdf,OCR only after active sources are mapped,/Users/alessandralove/Downloads/Guitar Resources/ Ashley Mark - Jazz Guitar Artistry (Ashley Mark Jazz Series for Guitar) (1990) - libgen.li.pdf
book-id-007,book-053,"Fretboard Logic Box Set (3 Volumes and 2 Videos Combined in Two Books and One DVD Disc) (2002, Bill Edwards Publishing)",Bill Edwards,pdf,15.4,287,scanned / OCR needed,Theory / Fretboard,Study; Knowing; Doing,Active Source,Curriculum spine source,Yes,,,"/Users/alessandralove/Downloads/Guitar Resources/Done/ Bill Edwards - Fretboard Logic Box Set (3 Volumes and 2 Videos Combined in Two Books and One DVD Disc) (2002, Bill Edwards Publishing) - libgen.li.pdf",Add to OCR priority review,"/Users/alessandralove/Downloads/Guitar Resources/Done/ Bill Edwards - Fretboard Logic Box Set (3 Volumes and 2 Videos Combined in Two Books and One DVD Disc) (2002, Bill Edwards Publishing) - libgen.li.pdf"
book-id-008,book-039,"The Recording Engineer's Handbook (2009, Course Technology Cengage Learning)",Bobby Owsinski,pdf,30.4,423,text-based / extraction likely good,Recording / Production,Foundation; Knowing; Create; Doing,Private Library,Reference shelf / private library,Yes,,,"/Users/alessandralove/Downloads/Guitar Resources/[Artistpro] Bobby Owsinski - The Recording Engineer's Handbook (2009, Course Technology Cengage Learning) - libgen.li.pdf",Intake triage needed,"/Users/alessandralove/Downloads/Guitar Resources/[Artistpro] Bobby Owsinski - The Recording Engineer's Handbook (2009, Course Technology Cengage Learning) - libgen.li.pdf"
book-id-009,book-004,"The Brazilian Masters. The Music of Jobim, Bonfa and Baden Powell Arranged for Solo Guitar (Guitar Scores) (TRO Hollis Music, Inc.)",Brian Hodel,pdf,2.5,32,scanned / OCR needed,Unclassified,To Review,OCR Later,Potential source after OCR,Yes,,,"/Users/alessandralove/Downloads/Guitar Resources/ Brian Hodel - The Brazilian Masters. The Music of Jobim, Bonfa and Baden Powell Arranged for Solo Guitar (Guitar Scores) (TRO Hollis Music, Inc.) - libgen.li.pdf",OCR only after active sources are mapped,"/Users/alessandralove/Downloads/Guitar Resources/ Brian Hodel - The Brazilian Masters. The Music of Jobim, Bonfa and Baden Powell Arranged for Solo Guitar (Guitar Scores) (TRO Hollis Music, Inc.) - libgen.li.pdf"
book-id-010,book-005,"Music Theory Workbook for Guitar Volume One (1997, muse eek publishing)",Bruce Arnold,pdf,4.6,36,scanned / OCR needed,Theory / Fretboard,Study; Knowing,OCR Later,Potential source after OCR,Yes,,,"/Users/alessandralove/Downloads/Guitar Resources/ Bruce Arnold - Music Theory Workbook for Guitar Volume One (1997, muse eek publishing) - libgen.li.pdf",OCR only after active sources are mapped,"/Users/alessandralove/Downloads/Guitar Resources/ Bruce Arnold - Music Theory Workbook for Guitar Volume One (1997, muse eek publishing) - libgen.li.pdf"
book-id-011,book-006,Modal and Harmonized Modal Scales for the Spanish Guitar,C. Nelson,pdf,5.9,66,text-based / extraction likely good,Theory / Fretboard,Study; Knowing,Supporting Reference,Supporting source for selected lessons or roadmap items,Yes,,,/Users/alessandralove/Downloads/Guitar Resources/ C. Nelson - Modal and Harmonized Modal Scales for the Spanish Guitar - libgen.li.pdf,Intake triage needed,/Users/alessandralove/Downloads/Guitar Resources/ C. Nelson - Modal and Harmonized Modal Scales for the Spanish Guitar - libgen.li.pdf
book-id-012,book-054,"Teach Yourself VISUALLY Guitar (2006, Visual)",Charles Kim,pdf,18.2,305,text-based / extraction likely good,Beginner / Reference,Foundation; Knowing,Supporting Reference,Supporting source for selected lessons or roadmap items,Yes,,,"/Users/alessandralove/Downloads/Guitar Resources/Done/ Charles Kim - Teach Yourself VISUALLY Guitar (2006, Visual) - libgen.li.pdf",Already intake-triaged; follow priority queue,"/Users/alessandralove/Downloads/Guitar Resources/Done/ Charles Kim - Teach Yourself VISUALLY Guitar (2006, Visual) - libgen.li.pdf"
book-id-013,book-007,"M-Audio guide for the recording guitarist (2008, Course Technology)",Chris Buono,pdf,11.3,465,text-based / extraction likely good,Recording / Production,Create; Doing,Private Library,Reference shelf / private library,Yes,,,"/Users/alessandralove/Downloads/Guitar Resources/ Chris Buono - M-Audio guide for the recording guitarist (2008, Course Technology) - libgen.li.pdf",Intake triage needed,"/Users/alessandralove/Downloads/Guitar Resources/ Chris Buono - M-Audio guide for the recording guitarist (2008, Course Technology) - libgen.li.pdf"
book-id-014,book-008,The Christopher Parkening Guitar Method - Volume 1 Guitar Technique (1997),"Christopher Parkening, Jack Marshall, David Brandon",pdf,31.6,113,scanned / OCR needed,Classical / Technique,Doing; Practice,OCR Later,Potential source after OCR,Yes,,,"/Users/alessandralove/Downloads/Guitar Resources/ Christopher Parkening, Jack Marshall, David Brandon - The Christopher Parkening Guitar Method - Volume 1_ Guitar Technique (1997) - libgen.li.pdf",OCR only after active sources are mapped,"/Users/alessandralove/Downloads/Guitar Resources/ Christopher Parkening, Jack Marshall, David Brandon - The Christopher Parkening Guitar Method - Volume 1_ Guitar Technique (1997) - libgen.li.pdf"
book-id-015,book-009,The Christopher Parkening Guitar Method - Volume 2 Guitar Technique (1998),"Christopher Parkening, Jack Marshall, David Brandon",pdf,36.6,137,scanned / OCR needed,Classical / Technique,Doing; Practice,OCR Later,Potential source after OCR,Yes,,,"/Users/alessandralove/Downloads/Guitar Resources/ Christopher Parkening, Jack Marshall, David Brandon - The Christopher Parkening Guitar Method - Volume 2_ Guitar Technique (1998) - libgen.li.pdf",OCR only after active sources are mapped,"/Users/alessandralove/Downloads/Guitar Resources/ Christopher Parkening, Jack Marshall, David Brandon - The Christopher Parkening Guitar Method - Volume 2_ Guitar Technique (1998) - libgen.li.pdf"
book-id-016,book-010,"Making Music and Enriching Lives A Guide for All Music Teachers (Music for Life) (2007, Indiana University Press)",Cynthia Blanchard Acree,pdf,2.5,337,text-based / extraction likely good,Learning Science / Music Cognition,Study; Knowing; Hearth,Duplicate / Archive,Archive copy; keep out of active curriculum until deduped physically,No,dup-book-id-016,book-071,"/Users/alessandralove/Downloads/LEARNING/ Cynthia Blanchard Acree - Making Music and Enriching Lives_ A Guide for All Music Teachers (Music for Life) (2007, Indiana University Press) - libgen.li.pdf",Archive this duplicate path in catalogue only,"/Users/alessandralove/Downloads/Guitar Resources/ Cynthia Blanchard Acree - Making Music and Enriching Lives_ A Guide for All Music Teachers (Music for Life) (2007, Indiana University Press) - libgen.li.pdf"
book-id-016,book-071,"Making Music and Enriching Lives A Guide for All Music Teachers (Music for Life) (2007, Indiana University Press)",Cynthia Blanchard Acree,pdf,2.5,337,text-based / extraction likely good,Learning Science / Music Cognition,Study; Knowing; Hearth,Supporting Reference,Supporting source for selected lessons or roadmap items,Yes,dup-book-id-016,,"/Users/alessandralove/Downloads/LEARNING/ Cynthia Blanchard Acree - Making Music and Enriching Lives_ A Guide for All Music Teachers (Music for Life) (2007, Indiana University Press) - libgen.li.pdf",Use this copy as the working source,"/Users/alessandralove/Downloads/LEARNING/ Cynthia Blanchard Acree - Making Music and Enriching Lives_ A Guide for All Music Teachers (Music for Life) (2007, Indiana University Press) - libgen.li.pdf"
book-id-017,book-055,"This is your brain on music the science of a human obsession (2007, Plume Penguin Audio)",Daniel J Levitin,pdf,1.5,316,text-based / extraction likely good,Learning Science / Music Cognition,Study; Knowing; Hearth,Active Source,Curriculum spine source,Yes,dup-book-id-017,,"/Users/alessandralove/Downloads/Guitar Resources/Done/ Daniel J Levitin - This is your brain on music_ the science of a human obsession (2007, Plume_Penguin Audio) - libgen.li.pdf",Use this copy as the working source,"/Users/alessandralove/Downloads/Guitar Resources/Done/ Daniel J Levitin - This is your brain on music_ the science of a human obsession (2007, Plume_Penguin Audio) - libgen.li.pdf"
book-id-017,book-072,"This is your brain on music the science of a human obsession (2007, Plume Penguin Audio)",Daniel J Levitin,pdf,1.5,316,text-based / extraction likely good,Learning Science / Music Cognition,Study; Knowing; Hearth,Duplicate / Archive,Archive copy; keep out of active curriculum until deduped physically,No,dup-book-id-017,book-055,"/Users/alessandralove/Downloads/Guitar Resources/Done/ Daniel J Levitin - This is your brain on music_ the science of a human obsession (2007, Plume_Penguin Audio) - libgen.li.pdf",Archive this duplicate path in catalogue only,"/Users/alessandralove/Downloads/LEARNING/ Daniel J Levitin - This is your brain on music_ the science of a human obsession (2007, Plume_Penguin Audio) - libgen.li.pdf"
book-id-018,book-011,"Acoustic Guitar Slide Basics (Acoustic Guitar Magazine's Private Lessons) (2001, String Letter Publishing)",David Hamburger,pdf,8.5,70,scanned / OCR needed,Style / Genre,Create; Doing,OCR Later,Potential source after OCR,Yes,,,"/Users/alessandralove/Downloads/Guitar Resources/ David Hamburger - Acoustic Guitar Slide Basics (Acoustic Guitar Magazine's Private Lessons) (2001, String Letter Publishing) - libgen.li.pdf",OCR only after active sources are mapped,"/Users/alessandralove/Downloads/Guitar Resources/ David Hamburger - Acoustic Guitar Slide Basics (Acoustic Guitar Magazine's Private Lessons) (2001, String Letter Publishing) - libgen.li.pdf"
book-id-019,book-012,BOSSA NOVA FOR GUITAR,"Donat, paul",pdf,0.2,13,text-based / extraction likely good,Style / Genre,Create; Doing,Supporting Reference,Supporting source for selected lessons or roadmap items,Yes,,,"/Users/alessandralove/Downloads/Guitar Resources/ Donat, paul - BOSSA NOVA FOR GUITAR - libgen.li.pdf",Intake triage needed,"/Users/alessandralove/Downloads/Guitar Resources/ Donat, paul - BOSSA NOVA FOR GUITAR - libgen.li.pdf"
book-id-020,book-067,E-booklet Roadmap for learning Guitar revison 2024 11 07 (1),,pdf,0.6,3,text-based / extraction likely good,Unclassified,To Review,To Review,Needs human review,Yes,,,/Users/alessandralove/Downloads/Guitar Resources/Done/E-booklet Roadmap for learning Guitar_revison_2024_11_07 (1).pdf,Intake triage needed,/Users/alessandralove/Downloads/Guitar Resources/Done/E-booklet Roadmap for learning Guitar_revison_2024_11_07 (1).pdf
book-id-021,book-068,"English Handbook and Study Guide A Comprehensive English Reference Book{Beryl Lutrin Marcelle Pincus}(2004, Berlut Books)",,pdf,11.8,172,text-based / extraction likely good,Learning Science / Music Cognition,Foundation; Knowing; Study; Hearth,Duplicate / Archive,Archive copy; keep out of active curriculum until deduped physically,No,dup-book-id-021,book-078,"/Users/alessandralove/Downloads/LEARNING/English Handbook and Study Guide_ A Comprehensive English Reference Book{Beryl Lutrin_ Marcelle Pincus}(2004, Berlut Books){107205711} libgen.li.pdf",Archive this duplicate path in catalogue only,"/Users/alessandralove/Downloads/Guitar Resources/English Handbook and Study Guide_ A Comprehensive English Reference Book{Beryl Lutrin_ Marcelle Pincus}(2004, Berlut Books){107205711} libgen.li.pdf"
book-id-021,book-078,"English Handbook and Study Guide A Comprehensive English Reference Book{Beryl Lutrin Marcelle Pincus}(2004, Berlut Books)",,pdf,11.8,172,text-based / extraction likely good,Learning Science / Music Cognition,Foundation; Knowing; Study; Hearth,Private Library,Reference shelf / private library,Yes,dup-book-id-021,,"/Users/alessandralove/Downloads/LEARNING/English Handbook and Study Guide_ A Comprehensive English Reference Book{Beryl Lutrin_ Marcelle Pincus}(2004, Berlut Books){107205711} libgen.li.pdf",Use this copy as the working source,"/Users/alessandralove/Downloads/LEARNING/English Handbook and Study Guide_ A Comprehensive English Reference Book{Beryl Lutrin_ Marcelle Pincus}(2004, Berlut Books){107205711} libgen.li.pdf"
book-id-022,book-045,"The Roots of Slide Guitar (Guitar Collection) (1999, Hal Leonard Corporation)","Fred Sokolow, Fred Sokolow",pdf,19.7,48,scanned / OCR needed,Style / Genre,Create; Doing,OCR Later,Potential source after OCR,Yes,,,"/Users/alessandralove/Downloads/Guitar Resources/[Guitar Collection] Fred Sokolow, Fred Sokolow - The Roots of Slide Guitar (Guitar Collection) (1999, Hal Leonard Corporation) - libgen.li.pdf",OCR only after active sources are mapped,"/Users/alessandralove/Downloads/Guitar Resources/[Guitar Collection] Fred Sokolow, Fred Sokolow - The Roots of Slide Guitar (Guitar Collection) (1999, Hal Leonard Corporation) - libgen.li.pdf"
book-id-023,book-044,"Fretboard Roadmaps (2005, Hal Leonard Corporation)","Fred Sokolow, Tim Emmons",pdf,6.9,64,scanned / OCR needed,Theory / Fretboard,Study; Knowing,OCR Later,Potential source after OCR,Yes,,,"/Users/alessandralove/Downloads/Guitar Resources/[Fretboard Roadmaps] Fred Sokolow, Tim Emmons - Fretboard Roadmaps (2005, Hal Leonard Corporation) - libgen.li.pdf",OCR only after active sources are mapped,"/Users/alessandralove/Downloads/Guitar Resources/[Fretboard Roadmaps] Fred Sokolow, Tim Emmons - Fretboard Roadmaps (2005, Hal Leonard Corporation) - libgen.li.pdf"
book-id-024,book-046,"Fretboard Roadmaps The Essential Guitar Patterns That All the Pros Know and Use (1993, Hal Leonard Corporation)",Fred Sokolow,pdf,8.2,64,scanned / OCR needed,Theory / Fretboard,Study; Knowing,OCR Later,Potential source after OCR,Yes,,,"/Users/alessandralove/Downloads/Guitar Resources/[Guitar Techniques] Fred Sokolow - Fretboard Roadmaps_ The Essential Guitar Patterns That All the Pros Know and Use (1993, Hal Leonard Corporation) - libgen.li.pdf",OCR only after active sources are mapped,"/Users/alessandralove/Downloads/Guitar Resources/[Guitar Techniques] Fred Sokolow - Fretboard Roadmaps_ The Essential Guitar Patterns That All the Pros Know and Use (1993, Hal Leonard Corporation) - libgen.li.pdf"
book-id-025,book-013,"The Classical Guitar (Frederick Noad Guitar Anthology) (1976, Amsco Publications)",Frederick Ariel,pdf,66.0,144,scanned / OCR needed,Classical / Technique,Doing; Practice,OCR Later,Potential source after OCR,Yes,,,"/Users/alessandralove/Downloads/Guitar Resources/ Frederick Ariel - The Classical Guitar (Frederick Noad Guitar Anthology) (1976, Amsco Publications) - libgen.li.pdf",OCR only after active sources are mapped,"/Users/alessandralove/Downloads/Guitar Resources/ Frederick Ariel - The Classical Guitar (Frederick Noad Guitar Anthology) (1976, Amsco Publications) - libgen.li.pdf"
book-id-026,book-014,Celtic Guitar Encyclopedia - Fingerstyle Guitar Edition,Glenn Weiser,pdf,5.0,193,scanned / OCR needed,Style / Genre,Create; Doing,OCR Later,Potential source after OCR,Yes,,,/Users/alessandralove/Downloads/Guitar Resources/ Glenn Weiser - Celtic Guitar Encyclopedia - Fingerstyle Guitar Edition - libgen.li.pdf,OCR only after active sources are mapped,/Users/alessandralove/Downloads/Guitar Resources/ Glenn Weiser - Celtic Guitar Encyclopedia - Fingerstyle Guitar Edition - libgen.li.pdf
book-id-027,book-015,"Guitar Music Theory. Ear Training Manual for Musicians (1986, Navi)",,pdf,2.1,94,text-based / extraction likely good,Theory / Fretboard,Study; Knowing,Supporting Reference,Supporting source for selected lessons or roadmap items,Yes,,,"/Users/alessandralove/Downloads/Guitar Resources/ Guitar Music Theory. Ear Training Manual for Musicians (1986, Navi) - libgen.li.pdf",Intake triage needed,"/Users/alessandralove/Downloads/Guitar Resources/ Guitar Music Theory. Ear Training Manual for Musicians (1986, Navi) - libgen.li.pdf"
book-id-028,book-016,Musicians Institute - Guitar Licktionary (Hal-Leonard),Hill D,pdf,7.7,72,text-based / extraction likely good,Unclassified,To Review,To Review,Needs human review,Yes,,,/Users/alessandralove/Downloads/Guitar Resources/ Hill D - Musicians Institute - Guitar Licktionary (Hal-Leonard) - libgen.li.pdf,Intake triage needed,/Users/alessandralove/Downloads/Guitar Resources/ Hill D - Musicians Institute - Guitar Licktionary (Hal-Leonard) - libgen.li.pdf
book-id-029,book-017,"Super Chops Jazz Guitar Technique in 20 Weeks (1978, Cherry Lane Music)",Howard Mancel Roberts,pdf,4.1,83,scanned / OCR needed,Style / Genre,Doing; Practice; Create,OCR Later,Potential source after OCR,Yes,,,"/Users/alessandralove/Downloads/Guitar Resources/ Howard Mancel Roberts - Super Chops_ Jazz Guitar Technique in 20 Weeks (1978, Cherry Lane Music) - libgen.li.pdf",OCR only after active sources are mapped,"/Users/alessandralove/Downloads/Guitar Resources/ Howard Mancel Roberts - Super Chops_ Jazz Guitar Technique in 20 Weeks (1978, Cherry Lane Music) - libgen.li.pdf"
book-id-030,book-018,"How To Play Jazz and Improvise Guitar Book (2000, Jamey Aebersold Jazz Inc)",Jamey Aebersold,pdf,6.6,74,scanned / OCR needed,Style / Genre,Create; Doing,OCR Later,Potential source after OCR,Yes,,,"/Users/alessandralove/Downloads/Guitar Resources/ Jamey Aebersold - How To Play Jazz and Improvise Guitar Book (2000, Jamey Aebersold Jazz Inc) - libgen.li.pdf",OCR only after active sources are mapped,"/Users/alessandralove/Downloads/Guitar Resources/ Jamey Aebersold - How To Play Jazz and Improvise Guitar Book (2000, Jamey Aebersold Jazz Inc) - libgen.li.pdf"
book-id-031,book-056,"Principles of Correct Practice for Guitar (1999, Jamey World, Inc.)",Jamie Andreas,pdf,4.8,89,scanned / OCR needed,Unclassified,Foundation; Practice; Doing; Hearth,Active Source,Curriculum spine source,Yes,,,"/Users/alessandralove/Downloads/Guitar Resources/Done/ Jamie Andreas - Principles of Correct Practice for Guitar (1999, Jamey World, Inc.) - libgen.li.pdf",Add to OCR priority review,"/Users/alessandralove/Downloads/Guitar Resources/Done/ Jamie Andreas - Principles of Correct Practice for Guitar (1999, Jamey World, Inc.) - libgen.li.pdf"
book-id-032,book-047,"Advanced Scale Concepts and Licks for Guitar Private Lessons (1999, Musicians Institute Press)",Jean Marc Belkadi,pdf,10.9,44,scanned / OCR needed,Unclassified,Mastery,OCR Later,Potential source after OCR,Yes,,,"/Users/alessandralove/Downloads/Guitar Resources/[Musicians Institute Press] Jean Marc Belkadi - Advanced Scale Concepts and Licks for Guitar_ Private Lessons (1999, Musicians Institute Press) - libgen.li.pdf",OCR only after active sources are mapped,"/Users/alessandralove/Downloads/Guitar Resources/[Musicians Institute Press] Jean Marc Belkadi - Advanced Scale Concepts and Licks for Guitar_ Private Lessons (1999, Musicians Institute Press) - libgen.li.pdf"
book-id-033,book-019,"All Blues Soloing for Jazz Guitar (1999, Mel Bay Publications,U.S.)",Jim Ferguson,pdf,60.9,96,scanned / OCR needed,Style / Genre,Create; Doing,OCR Later,Potential source after OCR,Yes,,,"/Users/alessandralove/Downloads/Guitar Resources/ Jim Ferguson - All Blues Soloing for Jazz Guitar (1999, Mel Bay Publications,U.S.) - libgen.li.pdf",OCR only after active sources are mapped,"/Users/alessandralove/Downloads/Guitar Resources/ Jim Ferguson - All Blues Soloing for Jazz Guitar (1999, Mel Bay Publications,U.S.) - libgen.li.pdf"
book-id-034,book-020,"Beginning Jazz Guitar The Complete Jazz Guitar Method Beginning-intermediate-mastering Chord Melody-mastering Improvisation (1995, Alfred Publishing Co., Inc.)",Jody Fisher,pdf,51.7,98,scanned / OCR needed,Style / Genre,Study; Knowing; Create; Doing; Mastery,OCR Later,Potential source after OCR,Yes,,,"/Users/alessandralove/Downloads/Guitar Resources/ Jody Fisher - Beginning Jazz Guitar_ The Complete Jazz Guitar Method_ Beginning-intermediate-mastering Chord_Melody-mastering Improvisation (1995, Alfred Publishing Co., Inc.) - libgen.li.pdf",OCR only after active sources are mapped,"/Users/alessandralove/Downloads/Guitar Resources/ Jody Fisher - Beginning Jazz Guitar_ The Complete Jazz Guitar Method_ Beginning-intermediate-mastering Chord_Melody-mastering Improvisation (1995, Alfred Publishing Co., Inc.) - libgen.li.pdf"
book-id-035,book-021,Jazz Guitar 2- Intermediate (Alfred),Jody Fisher,pdf,58.8,98,scanned / OCR needed,Style / Genre,Create; Doing,OCR Later,Potential source after OCR,Yes,,,/Users/alessandralove/Downloads/Guitar Resources/ Jody Fisher - Jazz Guitar 2- Intermediate (Alfred) - libgen.li.pdf,OCR only after active sources are mapped,/Users/alessandralove/Downloads/Guitar Resources/ Jody Fisher - Jazz Guitar 2- Intermediate (Alfred) - libgen.li.pdf
book-id-036,book-022,Jazz Guitar 3 - Mastering Chord Melody (Alfred),Jody Fisher,pdf,8.7,63,scanned / OCR needed,Style / Genre,Study; Knowing; Create; Doing; Mastery,OCR Later,Potential source after OCR,Yes,,,/Users/alessandralove/Downloads/Guitar Resources/ Jody Fisher - Jazz Guitar 3 - Mastering Chord Melody (Alfred) - libgen.li.pdf,OCR only after active sources are mapped,/Users/alessandralove/Downloads/Guitar Resources/ Jody Fisher - Jazz Guitar 3 - Mastering Chord Melody (Alfred) - libgen.li.pdf
book-id-037,book-023,Jazz Guitar 4 - Mastering Improvisation (Alfred),Jody Fisher,pdf,8.3,63,scanned / OCR needed,Style / Genre,Create; Doing; Mastery,OCR Later,Potential source after OCR,Yes,,,/Users/alessandralove/Downloads/Guitar Resources/ Jody Fisher - Jazz Guitar 4 - Mastering Improvisation (Alfred) - libgen.li.pdf,OCR only after active sources are mapped,/Users/alessandralove/Downloads/Guitar Resources/ Jody Fisher - Jazz Guitar 4 - Mastering Improvisation (Alfred) - libgen.li.pdf
book-id-038,book-024,"Joe Satriani - Guitar Secrets (Guitar Educational) (1993, Cherry Lane Music)",Joe Satriani,pdf,1.8,39,scanned / OCR needed,Unclassified,To Review,OCR Later,Potential source after OCR,Yes,,,"/Users/alessandralove/Downloads/Guitar Resources/ Joe Satriani - Joe Satriani - Guitar Secrets (Guitar Educational) (1993, Cherry Lane Music) - libgen.li.pdf",OCR only after active sources are mapped,"/Users/alessandralove/Downloads/Guitar Resources/ Joe Satriani - Joe Satriani - Guitar Secrets (Guitar Educational) (1993, Cherry Lane Music) - libgen.li.pdf"
book-id-039,book-043,"Blues You Can Use (Blues You Can Use) (1995, Hal Leonard Corporation)","John Ganapes, John N Ganapes",pdf,12.4,63,scanned / OCR needed,Style / Genre,Create; Doing,OCR Later,Potential source after OCR,Yes,,,"/Users/alessandralove/Downloads/Guitar Resources/[Blues You Can Use] John Ganapes, John N Ganapes - Blues You Can Use (Blues You Can Use) (1995, Hal Leonard Corporation) - libgen.li.pdf",OCR only after active sources are mapped,"/Users/alessandralove/Downloads/Guitar Resources/[Blues You Can Use] John Ganapes, John N Ganapes - Blues You Can Use (Blues You Can Use) (1995, Hal Leonard Corporation) - libgen.li.pdf"
book-id-040,book-025,"Introduction to Gypsy Jazz Guitar John Jorgenson (Book CD DVD Set) (2004, Flatpicking Guitar Magazine)",John Jorgenson,pdf,1.0,3,text-based / extraction likely good,Style / Genre,Create; Doing,Supporting Reference,Supporting source for selected lessons or roadmap items,Yes,,,"/Users/alessandralove/Downloads/Guitar Resources/ John Jorgenson - Introduction to Gypsy Jazz Guitar_ John Jorgenson (Book_CD_DVD Set) (2004, Flatpicking Guitar Magazine) - libgen.li.pdf",Intake triage needed,"/Users/alessandralove/Downloads/Guitar Resources/ John Jorgenson - Introduction to Gypsy Jazz Guitar_ John Jorgenson (Book_CD_DVD Set) (2004, Flatpicking Guitar Magazine) - libgen.li.pdf"
book-id-041,book-074,The Cambridge Handbook of Expertise and Expert Performance (2006),"K. Anders Ericsson, Neil Charness, Paul J. Feltovich, Robert R.",pdf,11.1,919,text-based / extraction likely good,Learning Science / Music Cognition,Hearth; Practice; Mastery; Study,Active Source,Curriculum spine source,Yes,,,"/Users/alessandralove/Downloads/LEARNING/ K. Anders Ericsson, Neil Charness, Paul J. Feltovich, Robert R. - The Cambridge Handbook of Expertise and Expert Performance (2006) - libgen.li.pdf",Make source notes after inventory pass,"/Users/alessandralove/Downloads/LEARNING/ K. Anders Ericsson, Neil Charness, Paul J. Feltovich, Robert R. - The Cambridge Handbook of Expertise and Expert Performance (2006) - libgen.li.pdf"
book-id-042,book-073,"Development of Professional Expertise Toward Measurement of Expert Performance and Design of Optimal Learning Environments (2009, Cambridge University Press)",K. Anders Ericsson,pdf,3.5,570,text-based / extraction likely good,Learning Science / Music Cognition,Hearth; Practice; Mastery; Study,Active Source,Curriculum spine source,Yes,,,"/Users/alessandralove/Downloads/LEARNING/ K. Anders Ericsson - Development of Professional Expertise_ Toward Measurement of Expert Performance and Design of Optimal Learning Environments (2009, Cambridge University Press) - libgen.li.pdf",Make source notes after inventory pass,"/Users/alessandralove/Downloads/LEARNING/ K. Anders Ericsson - Development of Professional Expertise_ Toward Measurement of Expert Performance and Design of Optimal Learning Environments (2009, Cambridge University Press) - libgen.li.pdf"
book-id-043,book-026,"Music as Discourse Semiotic Adventures in Romantic Music (Oxford Studies in Music Theory) (2008, Oxford University Press, USA)",Kofi Agawu,pdf,6.8,345,text-based / extraction likely good,Create / Composition,Study; Knowing; Create; Doing,Duplicate / Archive,Archive copy; keep out of active curriculum until deduped physically,No,dup-book-id-043,book-075,"/Users/alessandralove/Downloads/LEARNING/ Kofi Agawu - Music as Discourse_ Semiotic Adventures in Romantic Music (Oxford Studies in Music Theory) (2008, Oxford University Press, USA) - libgen.li.pdf",Archive this duplicate path in catalogue only,"/Users/alessandralove/Downloads/Guitar Resources/ Kofi Agawu - Music as Discourse_ Semiotic Adventures in Romantic Music (Oxford Studies in Music Theory) (2008, Oxford University Press, USA) - libgen.li.pdf"
book-id-043,book-075,"Music as Discourse Semiotic Adventures in Romantic Music (Oxford Studies in Music Theory) (2008, Oxford University Press, USA)",Kofi Agawu,pdf,6.8,345,text-based / extraction likely good,Create / Composition,Study; Knowing; Create; Doing,Supporting Reference,Supporting source for selected lessons or roadmap items,Yes,dup-book-id-043,,"/Users/alessandralove/Downloads/LEARNING/ Kofi Agawu - Music as Discourse_ Semiotic Adventures in Romantic Music (Oxford Studies in Music Theory) (2008, Oxford University Press, USA) - libgen.li.pdf",Use this copy as the working source,"/Users/alessandralove/Downloads/LEARNING/ Kofi Agawu - Music as Discourse_ Semiotic Adventures in Romantic Music (Oxford Studies in Music Theory) (2008, Oxford University Press, USA) - libgen.li.pdf"
book-id-044,book-027,"Berklee Practice Method Guitar (2001, Berklee Press Publications)",Larry Baione,pdf,6.8,168,scanned / OCR needed,Unclassified,Doing; Practice,OCR Later,Potential source after OCR,Yes,,,"/Users/alessandralove/Downloads/Guitar Resources/ Larry Baione) - Berklee Practice Method_ Guitar (2001, Berklee Press Publications) - libgen.li.pdf",OCR only after active sources are mapped,"/Users/alessandralove/Downloads/Guitar Resources/ Larry Baione) - Berklee Practice Method_ Guitar (2001, Berklee Press Publications) - libgen.li.pdf"
book-id-045,book-028,"Maran Illustrated Guitar (2005, Thomson Course Technology PTR)",maranGraphics Development Group,pdf,85.0,302,scanned / OCR needed,Unclassified,To Review,OCR Later,Potential source after OCR,Yes,,,"/Users/alessandralove/Downloads/Guitar Resources/ maranGraphics Development Group - Maran Illustrated Guitar (2005, Thomson Course Technology PTR) - libgen.li.pdf",OCR only after active sources are mapped,"/Users/alessandralove/Downloads/Guitar Resources/ maranGraphics Development Group - Maran Illustrated Guitar (2005, Thomson Course Technology PTR) - libgen.li.pdf"
book-id-046,book-057,"The Everything Music Theory Book A Complete Guide to Taking Your Understanding of Music to the Next Level (2012, Adams Media)",Marc Schonbrun,epub,3.1,N/A,EPUB / extraction likely good,Theory / Fretboard,Study; Knowing,Active Source,Curriculum spine source,Yes,,,"/Users/alessandralove/Downloads/Guitar Resources/Done/ Marc Schonbrun - The Everything Music Theory Book_ A Complete Guide to Taking Your Understanding of Music to the Next Level (2012, Adams Media) - libgen.li.epub",Make source notes after inventory pass,"/Users/alessandralove/Downloads/Guitar Resources/Done/ Marc Schonbrun - The Everything Music Theory Book_ A Complete Guide to Taking Your Understanding of Music to the Next Level (2012, Adams Media) - libgen.li.epub"
book-id-047,book-065,"The Everything Rock & Blues Guitar Book From Chords to Scales and Licks to Tricks, All You Need to Play Like the Greats (2003, Adams Media)",Marc Schonbrun,pdf,53.2,285,mixed / partial text,Style / Genre,Study; Knowing; Create; Doing,Supporting Reference,Supporting source for selected lessons or roadmap items,Yes,,,"/Users/alessandralove/Downloads/Guitar Resources/Done/[Everything Series] Marc Schonbrun - The Everything Rock & Blues Guitar Book_ From Chords to Scales and Licks to Tricks, All You Need to Play Like the Greats (2003, Adams Media) - libgen.li.pdf",Already intake-triaged; follow priority queue,"/Users/alessandralove/Downloads/Guitar Resources/Done/[Everything Series] Marc Schonbrun - The Everything Rock & Blues Guitar Book_ From Chords to Scales and Licks to Tricks, All You Need to Play Like the Greats (2003, Adams Media) - libgen.li.pdf"
book-id-048,book-066,"Guitar Exercises for Dummies (2009, Wiley Publishing)","Mark Phillips, Jon Chappell",pdf,14.9,240,text-based / extraction likely good,Technique / Practice,Foundation; Knowing; Doing; Practice,Supporting Reference,Supporting source for selected lessons or roadmap items,Yes,,,"/Users/alessandralove/Downloads/Guitar Resources/Done/[For Dummies ] Mark Phillips, Jon Chappell - Guitar Exercises for Dummies (2009, Wiley Publishing) - libgen.li.pdf",Already intake-triaged; follow priority queue,"/Users/alessandralove/Downloads/Guitar Resources/Done/[For Dummies ] Mark Phillips, Jon Chappell - Guitar Exercises for Dummies (2009, Wiley Publishing) - libgen.li.pdf"
book-id-049,book-029,"Music Theory for Guitar An Introduction to the Essentials (Guitar Techniques) (1992, Hal Leonard Corporation)",Michael P. Wolfsohn,pdf,7.5,68,scanned / OCR needed,Theory / Fretboard,Doing; Practice; Study; Knowing,OCR Later,Potential source after OCR,Yes,,,"/Users/alessandralove/Downloads/Guitar Resources/ Michael P. Wolfsohn - Music Theory for Guitar_ An Introduction to the Essentials (Guitar Techniques) (1992, Hal Leonard Corporation) - libgen.li.pdf",OCR only after active sources are mapped,"/Users/alessandralove/Downloads/Guitar Resources/ Michael P. Wolfsohn - Music Theory for Guitar_ An Introduction to the Essentials (Guitar Techniques) (1992, Hal Leonard Corporation) - libgen.li.pdf"
book-id-050,book-030,"Mixing Secrets for the small studio (2011, Focal Press)",Mike Senior,pdf,7.8,353,text-based / extraction likely good,Recording / Production,Create; Doing,Private Library,Reference shelf / private library,Yes,,,"/Users/alessandralove/Downloads/Guitar Resources/ Mike Senior - Mixing Secrets for the small studio (2011, Focal Press) - libgen.li.pdf",Intake triage needed,"/Users/alessandralove/Downloads/Guitar Resources/ Mike Senior - Mixing Secrets for the small studio (2011, Focal Press) - libgen.li.pdf"
book-id-051,book-058,"Guitar Aerobics A 52-Week, One-lick-per-day Workout Program for Developing, Improving and Maintaining Guitar Technique (2007, HAL LEONARD CORPORATION)","Nelson, Troy",pdf,51.3,115,text-based / extraction likely good,Technique / Practice,Doing; Practice,Supporting Reference,Supporting source for selected lessons or roadmap items,Yes,,,"/Users/alessandralove/Downloads/Guitar Resources/Done/ Nelson, Troy - Guitar Aerobics_ A 52-Week, One-lick-per-day Workout Program for Developing, Improving and Maintaining Guitar Technique (2007, HAL LEONARD CORPORATION) - libgen.li.pdf",Already intake-triaged; follow priority queue,"/Users/alessandralove/Downloads/Guitar Resources/Done/ Nelson, Troy - Guitar Aerobics_ A 52-Week, One-lick-per-day Workout Program for Developing, Improving and Maintaining Guitar Technique (2007, HAL LEONARD CORPORATION) - libgen.li.pdf"
book-id-052,book-031,Guitar Building Blocks (1996),Patrick Stefurak,pdf,1.6,177,text-based / extraction likely good,Beginner / Reference,Foundation; Knowing,Duplicate / Archive,Archive copy; keep out of active curriculum until deduped physically,No,dup-book-id-052,book-059,/Users/alessandralove/Downloads/Guitar Resources/Done/ Patrick Stefurak - Guitar Building Blocks (1996) - libgen.li.pdf,Archive this duplicate path in catalogue only,/Users/alessandralove/Downloads/Guitar Resources/ Patrick Stefurak - Guitar Building Blocks (1996) - libgen.li.pdf
book-id-052,book-059,Guitar Building Blocks (1996),Patrick Stefurak,pdf,1.6,177,text-based / extraction likely good,Beginner / Reference,Foundation; Knowing,Supporting Reference,Supporting source for selected lessons or roadmap items,Yes,dup-book-id-052,,/Users/alessandralove/Downloads/Guitar Resources/Done/ Patrick Stefurak - Guitar Building Blocks (1996) - libgen.li.pdf,Use this copy as the working source,/Users/alessandralove/Downloads/Guitar Resources/Done/ Patrick Stefurak - Guitar Building Blocks (1996) - libgen.li.pdf
book-id-053,book-040,"BERKLEE JAZZ GUITAR CHORD DICTIONARY (Berklee Guide) (2007, BERKLEE COLLEGE -LICENSED) - libgen.li (1)",PECKHAM RICK,pdf,1.0,45,text-based / extraction likely good,Style / Genre,Study; Knowing; Create; Doing,Duplicate / Archive,Archive copy; keep out of active curriculum until deduped physically,No,dup-book-id-053,book-041,"/Users/alessandralove/Downloads/Guitar Resources/[Berklee Guide] PECKHAM RICK - BERKLEE JAZZ GUITAR CHORD DICTIONARY (Berklee Guide) (2007, BERKLEE COLLEGE -LICENSED) - libgen.li.pdf",Archive this duplicate path in catalogue only,"/Users/alessandralove/Downloads/Guitar Resources/[Berklee Guide] PECKHAM RICK - BERKLEE JAZZ GUITAR CHORD DICTIONARY (Berklee Guide) (2007, BERKLEE COLLEGE -LICENSED) - libgen.li (1).pdf"
book-id-053,book-041,"BERKLEE JAZZ GUITAR CHORD DICTIONARY (Berklee Guide) (2007, BERKLEE COLLEGE -LICENSED)",PECKHAM RICK,pdf,1.0,45,text-based / extraction likely good,Style / Genre,Study; Knowing; Create; Doing,Supporting Reference,Supporting source for selected lessons or roadmap items,Yes,dup-book-id-053,,"/Users/alessandralove/Downloads/Guitar Resources/[Berklee Guide] PECKHAM RICK - BERKLEE JAZZ GUITAR CHORD DICTIONARY (Berklee Guide) (2007, BERKLEE COLLEGE -LICENSED) - libgen.li.pdf",Use this copy as the working source,"/Users/alessandralove/Downloads/Guitar Resources/[Berklee Guide] PECKHAM RICK - BERKLEE JAZZ GUITAR CHORD DICTIONARY (Berklee Guide) (2007, BERKLEE COLLEGE -LICENSED) - libgen.li.pdf"
book-id-054,book-032,"The Science of Self-Learning How to Teach Yourself Anything, Learn More in Less Time, and Direct Your Own Education (Learning (2018, PH Learning Inc.)",Peter Hollins,epub,0.6,N/A,EPUB / extraction likely good,Learning Science / Music Cognition,Study; Knowing; Hearth,Duplicate / Archive,Archive copy; keep out of active curriculum until deduped physically,No,dup-book-id-054,book-076,"/Users/alessandralove/Downloads/LEARNING/ Peter Hollins - The Science of Self-Learning_ How to Teach Yourself Anything, Learn More in Less Time, and Direct Your Own Education (Learning (2018, PH Learning Inc.) - libgen.li.epub",Archive this duplicate path in catalogue only,"/Users/alessandralove/Downloads/Guitar Resources/ Peter Hollins - The Science of Self-Learning_ How to Teach Yourself Anything, Learn More in Less Time, and Direct Your Own Education (Learning (2018, PH Learning Inc.) - libgen.li.epub"
book-id-054,book-076,"The Science of Self-Learning How to Teach Yourself Anything, Learn More in Less Time, and Direct Your Own Education (Learning (2018, PH Learning Inc.)",Peter Hollins,epub,0.6,N/A,EPUB / extraction likely good,Learning Science / Music Cognition,Study; Knowing; Hearth,Supporting Reference,Supporting source for selected lessons or roadmap items,Yes,dup-book-id-054,,"/Users/alessandralove/Downloads/LEARNING/ Peter Hollins - The Science of Self-Learning_ How to Teach Yourself Anything, Learn More in Less Time, and Direct Your Own Education (Learning (2018, PH Learning Inc.) - libgen.li.epub",Use this copy as the working source,"/Users/alessandralove/Downloads/LEARNING/ Peter Hollins - The Science of Self-Learning_ How to Teach Yourself Anything, Learn More in Less Time, and Direct Your Own Education (Learning (2018, PH Learning Inc.) - libgen.li.epub"
book-id-055,book-033,"The Music Instinct How Music Works and Why We Can't Do Without It (2010, Oxford University Press, USA)",Philip Ball,pdf,5.4,463,text-based / extraction likely good,Learning Science / Music Cognition,Study; Knowing; Hearth,Duplicate / Archive,Archive copy; keep out of active curriculum until deduped physically,No,dup-book-id-055,book-077,"/Users/alessandralove/Downloads/LEARNING/ Philip Ball - The Music Instinct_ How Music Works and Why We Can't Do Without It (2010, Oxford University Press, USA) - libgen.li.pdf",Archive this duplicate path in catalogue only,"/Users/alessandralove/Downloads/Guitar Resources/ Philip Ball - The Music Instinct_ How Music Works and Why We Can't Do Without It (2010, Oxford University Press, USA) - libgen.li.pdf"
book-id-055,book-077,"The Music Instinct How Music Works and Why We Can't Do Without It (2010, Oxford University Press, USA)",Philip Ball,pdf,5.4,463,text-based / extraction likely good,Learning Science / Music Cognition,Study; Knowing; Hearth,Supporting Reference,Supporting source for selected lessons or roadmap items,Yes,dup-book-id-055,,"/Users/alessandralove/Downloads/LEARNING/ Philip Ball - The Music Instinct_ How Music Works and Why We Can't Do Without It (2010, Oxford University Press, USA) - libgen.li.pdf",Use this copy as the working source,"/Users/alessandralove/Downloads/LEARNING/ Philip Ball - The Music Instinct_ How Music Works and Why We Can't Do Without It (2010, Oxford University Press, USA) - libgen.li.pdf"
book-id-056,book-034,"Picture Chord Encyclopedia Photos & Diagrams for Over 2,600 Guitar Chords (2000, Hal Leonard Corporation)",,pdf,47.4,269,scanned / OCR needed,Unclassified,Study; Knowing,Private Library,Reference shelf / private library,Yes,,,"/Users/alessandralove/Downloads/Guitar Resources/ Picture Chord Encyclopedia_ Photos & Diagrams for Over 2,600 Guitar Chords (2000, Hal Leonard Corporation) - libgen.li.pdf",OCR only after active sources are mapped,"/Users/alessandralove/Downloads/Guitar Resources/ Picture Chord Encyclopedia_ Photos & Diagrams for Over 2,600 Guitar Chords (2000, Hal Leonard Corporation) - libgen.li.pdf"
book-id-057,book-060,"The Guitar Handbook (1992, Dorling Kindersley Knopf)",Ralph Denyer,pdf,88.3,256,scanned / OCR needed,Beginner / Reference,Foundation; Knowing,OCR Later,Potential source after OCR,Yes,,,"/Users/alessandralove/Downloads/Guitar Resources/Done/ Ralph Denyer - The Guitar Handbook (1992, Dorling Kindersley_Knopf) - libgen.li.pdf",OCR only after active sources are mapped,"/Users/alessandralove/Downloads/Guitar Resources/Done/ Ralph Denyer - The Guitar Handbook (1992, Dorling Kindersley_Knopf) - libgen.li.pdf"
book-id-058,book-035,"Right Hand Development For Jazz Guitar (1981, Columbia Pictures Publications)",Renard Hoover,pdf,2.2,47,text-based / extraction likely good,Style / Genre,Doing; Practice; Create,Supporting Reference,Supporting source for selected lessons or roadmap items,Yes,,,"/Users/alessandralove/Downloads/Guitar Resources/ Renard Hoover - Right Hand Development For Jazz Guitar (1981, Columbia Pictures Publications) - libgen.li.pdf",Intake triage needed,"/Users/alessandralove/Downloads/Guitar Resources/ Renard Hoover - Right Hand Development For Jazz Guitar (1981, Columbia Pictures Publications) - libgen.li.pdf"
book-id-059,book-036,"How to Write Songs on Guitar A Guitar-Playing and Songwriting Course (2000, Miller Freeman Books)",Rikky Rooksby,pdf,13.7,290,text-based / extraction likely good,Create / Composition,Create; Doing,Supporting Reference,Supporting source for selected lessons or roadmap items,Yes,,,"/Users/alessandralove/Downloads/Guitar Resources/ Rikky Rooksby - How to Write Songs on Guitar_ A Guitar-Playing and Songwriting Course (2000, Miller Freeman Books) - libgen.li.pdf",Intake triage needed,"/Users/alessandralove/Downloads/Guitar Resources/ Rikky Rooksby - How to Write Songs on Guitar_ A Guitar-Playing and Songwriting Course (2000, Miller Freeman Books) - libgen.li.pdf"
book-id-060,book-048,"Funk Guitar The Essential Guide (Private Lessons) (2001, Musicians Institute Press)",Ross Bolton,pdf,7.6,33,scanned / OCR needed,Style / Genre,Create; Doing,OCR Later,Potential source after OCR,Yes,,,"/Users/alessandralove/Downloads/Guitar Resources/[Private Lessons] Ross Bolton - Funk Guitar_ The Essential Guide (Private Lessons) (2001, Musicians Institute Press) - libgen.li.pdf",OCR only after active sources are mapped,"/Users/alessandralove/Downloads/Guitar Resources/[Private Lessons] Ross Bolton - Funk Guitar_ The Essential Guide (Private Lessons) (2001, Musicians Institute Press) - libgen.li.pdf"
book-id-061,book-061,"Pumping Nylon (1995, Alfred Pub Co)",Scott Tennant,pdf,12.0,96,scanned / OCR needed,Classical / Technique,Doing; Practice,Supporting Reference,Supporting source for selected lessons or roadmap items,Yes,,,"/Users/alessandralove/Downloads/Guitar Resources/Done/ Scott Tennant - Pumping Nylon (1995, Alfred Pub Co) - libgen.li.pdf",OCR only after active sources are mapped,"/Users/alessandralove/Downloads/Guitar Resources/Done/ Scott Tennant - Pumping Nylon (1995, Alfred Pub Co) - libgen.li.pdf"
book-id-062,book-062,"Pumping Nylon Easy to Early Intermediate Repertoire (1998, Alfred Publishing Company)",Scott Tennant,pdf,16.2,64,mixed / partial text,Classical / Technique,Doing; Practice,Supporting Reference,Supporting source for selected lessons or roadmap items,Yes,,,"/Users/alessandralove/Downloads/Guitar Resources/Done/ Scott Tennant - Pumping Nylon_ Easy to Early Intermediate Repertoire (1998, Alfred Publishing Company) - libgen.li.pdf",Already intake-triaged; follow priority queue,"/Users/alessandralove/Downloads/Guitar Resources/Done/ Scott Tennant - Pumping Nylon_ Easy to Early Intermediate Repertoire (1998, Alfred Publishing Company) - libgen.li.pdf"
book-id-063,book-069,study-en,,pdf,3.6,48,text-based / extraction likely good,Unclassified,To Review,Duplicate / Archive,Archive copy; keep out of active curriculum until deduped physically,No,dup-book-id-063,book-079,/Users/alessandralove/Downloads/LEARNING/study-en.pdf,Archive this duplicate path in catalogue only,/Users/alessandralove/Downloads/Guitar Resources/study-en.pdf
book-id-063,book-079,study-en,,pdf,3.6,48,text-based / extraction likely good,Unclassified,To Review,Private Library,Reference shelf / private library,Yes,dup-book-id-063,,/Users/alessandralove/Downloads/LEARNING/study-en.pdf,Use this copy as the working source,/Users/alessandralove/Downloads/LEARNING/study-en.pdf
book-id-064,book-049,"Speed Mechanics for Lead Guitar (1992, Hal Leonard Corporation)",Troy Stetina,pdf,17.5,80,scanned / OCR needed,Technique / Practice,Doing; Practice,OCR Later,Potential source after OCR,Yes,,,"/Users/alessandralove/Downloads/Guitar Resources/[Stylistic Method] Troy Stetina - Speed Mechanics for Lead Guitar (1992, Hal Leonard Corporation) - libgen.li.pdf",OCR only after active sources are mapped,"/Users/alessandralove/Downloads/Guitar Resources/[Stylistic Method] Troy Stetina - Speed Mechanics for Lead Guitar (1992, Hal Leonard Corporation) - libgen.li.pdf"
book-id-065,book-037,"The Ultimate Guitar Chord Chart (1999, Hal Leonard Corporation)",Various,pdf,0.4,7,text-based / extraction likely good,Theory / Fretboard,Study; Knowing,Private Library,Reference shelf / private library,Yes,,,"/Users/alessandralove/Downloads/Guitar Resources/ Various - The Ultimate Guitar Chord Chart (1999, Hal Leonard Corporation) - libgen.li.pdf",Intake triage needed,"/Users/alessandralove/Downloads/Guitar Resources/ Various - The Ultimate Guitar Chord Chart (1999, Hal Leonard Corporation) - libgen.li.pdf"
book-id-066,book-038,"Guitar Patterns For Improvisation (1971, Maher Publications)",William L Fowler,pdf,1.4,28,text-based / extraction likely good,Theory / Fretboard,Study; Knowing,Supporting Reference,Supporting source for selected lessons or roadmap items,Yes,,,"/Users/alessandralove/Downloads/Guitar Resources/ William L Fowler - Guitar Patterns For Improvisation (1971, Maher Publications) - libgen.li.pdf",Intake triage needed,"/Users/alessandralove/Downloads/Guitar Resources/ William L Fowler - Guitar Patterns For Improvisation (1971, Maher Publications) - libgen.li.pdf"
book-id-067,book-042,"A Modern Method for Guitar - Volumes 1, 2, 3 Complete (1999, Berklee Press Publications)",William Leavitt,pdf,5.4,125,mixed / partial text,Unclassified,To Review,To Review,Needs human review,Yes,,,"/Users/alessandralove/Downloads/Guitar Resources/[Berklee Methods] William Leavitt - A Modern Method for Guitar - Volumes 1, 2, 3 Complete (1999, Berklee Press Publications) - libgen.li.pdf",Already intake-triaged; follow priority queue,"/Users/alessandralove/Downloads/Guitar Resources/[Berklee Methods] William Leavitt - A Modern Method for Guitar - Volumes 1, 2, 3 Complete (1999, Berklee Press Publications) - libgen.li.pdf"
book-id-068,book-063,"Berklee Basic Guitar - Phase 1 Guitar Technique (Guitar Method) (1986, Berklee Press Publications)",William Leavitt,pdf,23.4,56,scanned / OCR needed,Technique / Practice,Doing; Practice,Supporting Reference,Supporting source for selected lessons or roadmap items,Yes,,,"/Users/alessandralove/Downloads/Guitar Resources/Done/ William Leavitt - Berklee Basic Guitar - Phase 1_ Guitar Technique (Guitar Method) (1986, Berklee Press Publications) - libgen.li.pdf",OCR only after active sources are mapped,"/Users/alessandralove/Downloads/Guitar Resources/Done/ William Leavitt - Berklee Basic Guitar - Phase 1_ Guitar Technique (Guitar Method) (1986, Berklee Press Publications) - libgen.li.pdf"
book-id-069,book-064,"Berklee Basic Guitar - Phase 2 Guitar Technique (Guitar Solo) (1986, Berklee Press Publications)",William Leavitt,pdf,10.8,64,scanned / OCR needed,Technique / Practice,Doing; Practice,OCR Later,Potential source after OCR,Yes,,,"/Users/alessandralove/Downloads/Guitar Resources/Done/ William Leavitt - Berklee Basic Guitar - Phase 2_ Guitar Technique (Guitar Solo) (1986, Berklee Press Publications) - libgen.li.pdf",OCR only after active sources are mapped,"/Users/alessandralove/Downloads/Guitar Resources/Done/ William Leavitt - Berklee Basic Guitar - Phase 2_ Guitar Technique (Guitar Solo) (1986, Berklee Press Publications) - libgen.li.pdf"
